customer_id,churn_proba,churn,risk_tier
767114958,0.0021,0,Tier 4 — Low Risk
708123033,0.0024,0,Tier 4 — Low Risk
715424283,0.0041,0,Tier 4 — Low Risk
717865008,0.0024,0,Tier 4 — Low Risk
710188308,0.0037,0,Tier 4 — Low Risk
716574033,0.0021,0,Tier 4 — Low Risk
713183508,0.0021,0,Tier 4 — Low Risk
718583133,0.0028,0,Tier 4 — Low Risk
783554958,0.0022,0,Tier 4 — Low Risk
714418158,0.0023,0,Tier 4 — Low Risk
710061783,0.9993,1,Tier 1 — Critical Risk
716225433,0.0024,0,Tier 4 — Low Risk
788327358,0.0033,0,Tier 4 — Low Risk
714847983,0.0021,0,Tier 4 — Low Risk
720031908,0.002,0,Tier 4 — Low Risk
713700258,0.002,0,Tier 4 — Low Risk
721265883,0.0048,0,Tier 4 — Low Risk
715321008,0.9992,1,Tier 1 — Critical Risk
717831783,0.0039,0,Tier 4 — Low Risk
711480108,0.0031,0,Tier 4 — Low Risk
797638383,0.0021,0,Tier 4 — Low Risk
709950858,0.002,0,Tier 4 — Low Risk
717060858,0.9994,1,Tier 1 — Critical Risk
716045508,0.0025,0,Tier 4 — Low Risk
787482033,0.9992,1,Tier 1 — Critical Risk
719601708,0.0022,0,Tier 4 — Low Risk
717683583,0.0022,0,Tier 4 — Low Risk
813905508,0.0022,0,Tier 4 — Low Risk
769985883,0.0635,0,Tier 4 — Low Risk
718927533,0.0034,0,Tier 4 — Low Risk
784868958,0.0021,0,Tier 4 — Low Risk
787539333,0.002,0,Tier 4 — Low Risk
789871233,0.0021,0,Tier 4 — Low Risk
826061508,0.0026,0,Tier 4 — Low Risk
716354883,0.9994,1,Tier 1 — Critical Risk
717678408,0.0021,0,Tier 4 — Low Risk
715341858,0.0029,0,Tier 4 — Low Risk
713003358,0.9993,1,Tier 1 — Critical Risk
713374533,0.0023,0,Tier 4 — Low Risk
709985133,0.0024,0,Tier 4 — Low Risk
771204108,0.0022,0,Tier 4 — Low Risk
713758758,0.0027,0,Tier 4 — Low Risk
709453833,0.0029,0,Tier 4 — Low Risk
713227233,0.0021,0,Tier 4 — Low Risk
714967233,0.9938,1,Tier 1 — Critical Risk
714358008,0.0025,0,Tier 4 — Low Risk
779514558,0.0022,0,Tier 4 — Low Risk
794498733,0.0023,0,Tier 4 — Low Risk
793015083,0.0022,0,Tier 4 — Low Risk
789212883,0.9994,1,Tier 1 — Critical Risk
718677858,0.0022,0,Tier 4 — Low Risk
713675658,0.0025,0,Tier 4 — Low Risk
719523108,0.0022,0,Tier 4 — Low Risk
708390633,0.0031,0,Tier 4 — Low Risk
715098333,0.0024,0,Tier 4 — Low Risk
712060158,0.002,0,Tier 4 — Low Risk
716831508,0.0063,0,Tier 4 — Low Risk
778172583,0.0021,0,Tier 4 — Low Risk
789430083,0.002,0,Tier 4 — Low Risk
709996833,0.9989,1,Tier 1 — Critical Risk
708890133,0.0028,0,Tier 4 — Low Risk
773332908,0.002,0,Tier 4 — Low Risk
715870758,0.0023,0,Tier 4 — Low Risk
789363408,0.0022,0,Tier 4 — Low Risk
779118708,0.0021,0,Tier 4 — Low Risk
710544033,0.0021,0,Tier 4 — Low Risk
717500133,0.0024,0,Tier 4 — Low Risk
712046808,0.9973,1,Tier 1 — Critical Risk
815484783,0.0023,0,Tier 4 — Low Risk
713843283,0.0022,0,Tier 4 — Low Risk
717260058,0.0036,0,Tier 4 — Low Risk
773383158,0.003,0,Tier 4 — Low Risk
711041508,0.0022,0,Tier 4 — Low Risk
816843933,0.0021,0,Tier 4 — Low Risk
715043508,0.002,0,Tier 4 — Low Risk
717241233,0.0021,0,Tier 4 — Low Risk
717521508,0.0026,0,Tier 4 — Low Risk
708331758,0.0027,0,Tier 4 — Low Risk
715571583,0.0021,0,Tier 4 — Low Risk
711146358,0.0041,0,Tier 4 — Low Risk
789594108,0.0021,0,Tier 4 — Low Risk
779327733,0.0032,0,Tier 4 — Low Risk
711391308,0.0021,0,Tier 4 — Low Risk
718994583,0.0021,0,Tier 4 — Low Risk
718212633,0.002,0,Tier 4 — Low Risk
711861258,0.0052,0,Tier 4 — Low Risk
718123608,0.002,0,Tier 4 — Low Risk
718958583,0.9979,1,Tier 1 — Critical Risk
772207683,0.0021,0,Tier 4 — Low Risk
719629308,0.9939,1,Tier 1 — Critical Risk
708303108,0.0033,0,Tier 4 — Low Risk
788957358,0.0028,0,Tier 4 — Low Risk
708727983,0.0025,0,Tier 4 — Low Risk
714217908,0.0078,0,Tier 4 — Low Risk
708928908,0.0025,0,Tier 4 — Low Risk
712411908,0.0023,0,Tier 4 — Low Risk
771075258,0.0035,0,Tier 4 — Low Risk
717866133,0.0033,0,Tier 4 — Low Risk
713652783,0.0031,0,Tier 4 — Low Risk
714076683,0.9994,1,Tier 1 — Critical Risk
803963808,0.0024,0,Tier 4 — Low Risk
778968408,0.0022,0,Tier 4 — Low Risk
720064158,0.002,0,Tier 4 — Low Risk
778921908,0.0021,0,Tier 4 — Low Risk
770878458,0.0027,0,Tier 4 — Low Risk
786087633,0.0021,0,Tier 4 — Low Risk
788752833,0.0026,0,Tier 4 — Low Risk
766006758,0.005,0,Tier 4 — Low Risk
710342508,0.0021,0,Tier 4 — Low Risk
711422358,0.0027,0,Tier 4 — Low Risk
778574283,0.0025,0,Tier 4 — Low Risk
709987683,0.9995,1,Tier 1 — Critical Risk
821168733,0.0021,0,Tier 4 — Low Risk
717765183,0.0022,0,Tier 4 — Low Risk
708723858,0.0022,0,Tier 4 — Low Risk
720618033,0.0021,0,Tier 4 — Low Risk
718899708,0.0047,0,Tier 4 — Low Risk
716437533,0.0022,0,Tier 4 — Low Risk
717491058,0.0026,0,Tier 4 — Low Risk
711029358,0.0025,0,Tier 4 — Low Risk
716768808,0.0028,0,Tier 4 — Low Risk
801056358,0.002,0,Tier 4 — Low Risk
779210283,0.0023,0,Tier 4 — Low Risk
718441308,0.002,0,Tier 4 — Low Risk
713241033,0.0024,0,Tier 4 — Low Risk
711064008,0.0036,0,Tier 4 — Low Risk
772137183,0.9994,1,Tier 1 — Critical Risk
788739633,0.998,1,Tier 1 — Critical Risk
708953883,0.9993,1,Tier 1 — Critical Risk
716549058,0.0024,0,Tier 4 — Low Risk
824789283,0.0027,0,Tier 4 — Low Risk
788252358,0.002,0,Tier 4 — Low Risk
819752133,0.002,0,Tier 4 — Low Risk
716944983,0.0044,0,Tier 4 — Low Risk
716545383,0.0037,0,Tier 4 — Low Risk
720836808,0.0022,0,Tier 4 — Low Risk
783361533,0.0025,0,Tier 4 — Low Risk
710893533,0.0035,0,Tier 4 — Low Risk
709793133,0.0028,0,Tier 4 — Low Risk
716609433,0.9987,1,Tier 1 — Critical Risk
715222533,0.9992,1,Tier 1 — Critical Risk
713597658,0.998,1,Tier 1 — Critical Risk
720837708,0.003,0,Tier 4 — Low Risk
786546783,0.0142,0,Tier 4 — Low Risk
778747608,0.002,0,Tier 4 — Low Risk
801385458,0.0022,0,Tier 4 — Low Risk
720844008,0.0024,0,Tier 4 — Low Risk
754443033,0.999,1,Tier 1 — Critical Risk
799486158,0.0024,0,Tier 4 — Low Risk
798140283,0.0043,0,Tier 4 — Low Risk
772036233,0.0027,0,Tier 4 — Low Risk
711427458,0.023,0,Tier 4 — Low Risk
712727283,0.0022,0,Tier 4 — Low Risk
710754933,0.9994,1,Tier 1 — Critical Risk
709938708,0.002,0,Tier 4 — Low Risk
710831133,0.005,0,Tier 4 — Low Risk
715570533,0.9993,1,Tier 1 — Critical Risk
794576058,0.0022,0,Tier 4 — Low Risk
786557358,0.0028,0,Tier 4 — Low Risk
708212658,0.0034,0,Tier 4 — Low Risk
818993508,0.002,0,Tier 4 — Low Risk
718466883,0.002,0,Tier 4 — Low Risk
717085983,0.0025,0,Tier 4 — Low Risk
709986633,0.0027,0,Tier 4 — Low Risk
779348358,0.9992,1,Tier 1 — Critical Risk
752944533,0.0027,0,Tier 4 — Low Risk
712340733,0.0025,0,Tier 4 — Low Risk
814459833,0.0042,0,Tier 4 — Low Risk
718373658,0.0021,0,Tier 4 — Low Risk
771359958,0.0033,0,Tier 4 — Low Risk
779198133,0.0022,0,Tier 4 — Low Risk
788618208,0.0022,0,Tier 4 — Low Risk
712288158,0.0027,0,Tier 4 — Low Risk
711838008,0.9981,1,Tier 1 — Critical Risk
710202783,0.0024,0,Tier 4 — Low Risk
771976683,0.0027,0,Tier 4 — Low Risk
716176683,0.0022,0,Tier 4 — Low Risk
711278283,0.0023,0,Tier 4 — Low Risk
715019883,0.0068,0,Tier 4 — Low Risk
720292983,0.0021,0,Tier 4 — Low Risk
716498883,0.0029,0,Tier 4 — Low Risk
713798958,0.0027,0,Tier 4 — Low Risk
716939358,0.0021,0,Tier 4 — Low Risk
709005633,0.9992,1,Tier 1 — Critical Risk
795573333,0.002,0,Tier 4 — Low Risk
771069033,0.0022,0,Tier 4 — Low Risk
801709308,0.002,0,Tier 4 — Low Risk
716345283,0.0028,0,Tier 4 — Low Risk
714835833,0.0021,0,Tier 4 — Low Risk
779783508,0.0026,0,Tier 4 — Low Risk
825767658,0.0023,0,Tier 4 — Low Risk
717575958,0.9994,1,Tier 1 — Critical Risk
720753183,0.0035,0,Tier 4 — Low Risk
711766758,0.0022,0,Tier 4 — Low Risk
711397533,0.0021,0,Tier 4 — Low Risk
767058183,0.0025,0,Tier 4 — Low Risk
788864508,0.0024,0,Tier 4 — Low Risk
778377183,0.0025,0,Tier 4 — Low Risk
710844408,0.0026,0,Tier 4 — Low Risk
714919308,0.9994,1,Tier 1 — Critical Risk
708874533,0.9993,1,Tier 1 — Critical Risk
778356408,0.002,0,Tier 4 — Low Risk
769035933,0.002,0,Tier 4 — Low Risk
771228183,0.0025,0,Tier 4 — Low Risk
772539558,0.0027,0,Tier 4 — Low Risk
714045783,0.9993,1,Tier 1 — Critical Risk
809797158,0.0025,0,Tier 4 — Low Risk
719531133,0.0026,0,Tier 4 — Low Risk
719192808,0.0021,0,Tier 4 — Low Risk
720662508,0.0023,0,Tier 4 — Low Risk
820848408,0.002,0,Tier 4 — Low Risk
712412958,0.0023,0,Tier 4 — Low Risk
778984383,0.002,0,Tier 4 — Low Risk
712865583,0.0021,0,Tier 4 — Low Risk
819997983,0.0022,0,Tier 4 — Low Risk
718301508,0.0023,0,Tier 4 — Low Risk
789197508,0.0032,0,Tier 4 — Low Risk
809459733,0.0021,0,Tier 4 — Low Risk
813901458,0.0021,0,Tier 4 — Low Risk
772360683,0.0024,0,Tier 4 — Low Risk
779725833,0.0021,0,Tier 4 — Low Risk
712996833,0.0022,0,Tier 4 — Low Risk
779681433,0.9981,1,Tier 1 — Critical Risk
787591008,0.002,0,Tier 4 — Low Risk
712642533,0.0022,0,Tier 4 — Low Risk
721051908,0.0026,0,Tier 4 — Low Risk
715503558,0.0022,0,Tier 4 — Low Risk
709841433,0.0073,0,Tier 4 — Low Risk
710424408,0.0038,0,Tier 4 — Low Risk
709592808,0.002,0,Tier 4 — Low Risk
788038383,0.0068,0,Tier 4 — Low Risk
714363858,0.0023,0,Tier 4 — Low Risk
815015283,0.0037,0,Tier 4 — Low Risk
771336783,0.0022,0,Tier 4 — Low Risk
738899658,0.9993,1,Tier 1 — Critical Risk
796170933,0.0168,0,Tier 4 — Low Risk
720992883,0.0032,0,Tier 4 — Low Risk
712238958,0.0021,0,Tier 4 — Low Risk
718530258,0.0027,0,Tier 4 — Low Risk
711794358,0.9971,1,Tier 1 — Critical Risk
716366208,0.002,0,Tier 4 — Low Risk
770038983,0.9986,1,Tier 1 — Critical Risk
709937583,0.002,0,Tier 4 — Low Risk
787623858,0.0031,0,Tier 4 — Low Risk
711676008,0.005,0,Tier 4 — Low Risk
812218908,0.9994,1,Tier 1 — Critical Risk
720281508,0.0021,0,Tier 4 — Low Risk
721139808,0.0021,0,Tier 4 — Low Risk
709990983,0.0068,0,Tier 4 — Low Risk
718244958,0.0024,0,Tier 4 — Low Risk
756639708,0.0022,0,Tier 4 — Low Risk
718645308,0.0022,0,Tier 4 — Low Risk
717389433,0.0027,0,Tier 4 — Low Risk
779310033,0.9995,1,Tier 1 — Critical Risk
717192933,0.003,0,Tier 4 — Low Risk
718379358,0.002,0,Tier 4 — Low Risk
779661033,0.0021,0,Tier 4 — Low Risk
715880283,0.0021,0,Tier 4 — Low Risk
719469333,0.0033,0,Tier 4 — Low Risk
708974283,0.0023,0,Tier 4 — Low Risk
789859833,0.0027,0,Tier 4 — Low Risk
772339383,0.0034,0,Tier 4 — Low Risk
716319258,0.0021,0,Tier 4 — Low Risk
720330558,0.9994,1,Tier 1 — Critical Risk
789827208,0.0027,0,Tier 4 — Low Risk
751450008,0.0038,0,Tier 4 — Low Risk
789791808,0.0021,0,Tier 4 — Low Risk
717321783,0.0043,0,Tier 4 — Low Risk
712549758,0.0033,0,Tier 4 — Low Risk
712470033,0.0025,0,Tier 4 — Low Risk
719291283,0.0026,0,Tier 4 — Low Risk
720413658,0.0024,0,Tier 4 — Low Risk
709230708,0.0041,0,Tier 4 — Low Risk
708384033,0.999,1,Tier 1 — Critical Risk
715029333,0.0021,0,Tier 4 — Low Risk
771040758,0.0042,0,Tier 4 — Low Risk
711635358,0.002,0,Tier 4 — Low Risk
716604633,0.0037,0,Tier 4 — Low Risk
716438433,0.0021,0,Tier 4 — Low Risk
711216933,0.0021,0,Tier 4 — Low Risk
713916708,0.0027,0,Tier 4 — Low Risk
710106933,0.0031,0,Tier 4 — Low Risk
806189658,0.002,0,Tier 4 — Low Risk
770632758,0.003,0,Tier 4 — Low Risk
789238683,0.0037,0,Tier 4 — Low Risk
711873033,0.9988,1,Tier 1 — Critical Risk
720384633,0.0021,0,Tier 4 — Low Risk
712181658,0.0021,0,Tier 4 — Low Risk
714957108,0.0024,0,Tier 4 — Low Risk
720247158,0.0035,0,Tier 4 — Low Risk
772313358,0.0022,0,Tier 4 — Low Risk
803652633,0.0026,0,Tier 4 — Low Risk
771422883,0.9995,1,Tier 1 — Critical Risk
718009158,0.0022,0,Tier 4 — Low Risk
712612233,0.0034,0,Tier 4 — Low Risk
709901058,0.0021,0,Tier 4 — Low Risk
716682258,0.002,0,Tier 4 — Low Risk
711478233,0.0057,0,Tier 4 — Low Risk
720040158,0.0024,0,Tier 4 — Low Risk
720212508,0.002,0,Tier 4 — Low Risk
787605558,0.0021,0,Tier 4 — Low Risk
780557658,0.0029,0,Tier 4 — Low Risk
709952658,0.0036,0,Tier 4 — Low Risk
793379058,0.002,0,Tier 4 — Low Risk
716971833,0.003,0,Tier 4 — Low Risk
720997383,0.9989,1,Tier 1 — Critical Risk
827111283,0.0026,0,Tier 4 — Low Risk
769396158,0.9994,1,Tier 1 — Critical Risk
820085808,0.0046,0,Tier 4 — Low Risk
780349833,0.0021,0,Tier 4 — Low Risk
715964058,0.0022,0,Tier 4 — Low Risk
771903033,0.0025,0,Tier 4 — Low Risk
802668333,0.9989,1,Tier 1 — Critical Risk
718504983,0.0023,0,Tier 4 — Low Risk
714882258,0.0021,0,Tier 4 — Low Risk
714211533,0.0024,0,Tier 4 — Low Risk
720198183,0.0025,0,Tier 4 — Low Risk
803587533,0.0021,0,Tier 4 — Low Risk
720050208,0.0033,0,Tier 4 — Low Risk
771058908,0.0023,0,Tier 4 — Low Risk
708971583,0.0022,0,Tier 4 — Low Risk
788812608,0.0023,0,Tier 4 — Low Risk
805282908,0.0021,0,Tier 4 — Low Risk
717403158,0.0028,0,Tier 4 — Low Risk
718418958,0.9994,1,Tier 1 — Critical Risk
721374033,0.002,0,Tier 4 — Low Risk
710849208,0.0021,0,Tier 4 — Low Risk
771823308,0.0033,0,Tier 4 — Low Risk
719019483,0.0022,0,Tier 4 — Low Risk
769927533,0.0021,0,Tier 4 — Low Risk
718951683,0.0021,0,Tier 4 — Low Risk
709666908,0.002,0,Tier 4 — Low Risk
719857008,0.002,0,Tier 4 — Low Risk
788709408,0.0024,0,Tier 4 — Low Risk
710641008,0.004,0,Tier 4 — Low Risk
815812683,0.0035,0,Tier 4 — Low Risk
717624708,0.9994,1,Tier 1 — Critical Risk
789398733,0.002,0,Tier 4 — Low Risk
716136333,0.9988,1,Tier 1 — Critical Risk
715162608,0.9994,1,Tier 1 — Critical Risk
710822808,0.003,0,Tier 4 — Low Risk
714147858,0.0029,0,Tier 4 — Low Risk
767333808,0.0024,0,Tier 4 — Low Risk
719654283,0.0021,0,Tier 4 — Low Risk
766273533,0.0026,0,Tier 4 — Low Risk
779601783,0.0024,0,Tier 4 — Low Risk
711370458,0.003,0,Tier 4 — Low Risk
715519983,0.0021,0,Tier 4 — Low Risk
788782008,0.0024,0,Tier 4 — Low Risk
787595658,0.0029,0,Tier 4 — Low Risk
758211483,0.0021,0,Tier 4 — Low Risk
710637183,0.0029,0,Tier 4 — Low Risk
712144158,0.9991,1,Tier 1 — Critical Risk
715378383,0.0023,0,Tier 4 — Low Risk
771061008,0.9988,1,Tier 1 — Critical Risk
719583558,0.0021,0,Tier 4 — Low Risk
810986883,0.0022,0,Tier 4 — Low Risk
788797983,0.0024,0,Tier 4 — Low Risk
815104608,0.0023,0,Tier 4 — Low Risk
715369008,0.0022,0,Tier 4 — Low Risk
713418558,0.0025,0,Tier 4 — Low Risk
708332808,0.0021,0,Tier 4 — Low Risk
719729433,0.005,0,Tier 4 — Low Risk
789022233,0.0021,0,Tier 4 — Low Risk
714234858,0.0029,0,Tier 4 — Low Risk
709170108,0.9995,1,Tier 1 — Critical Risk
779727558,0.003,0,Tier 4 — Low Risk
708245808,0.0021,0,Tier 4 — Low Risk
778255083,0.0022,0,Tier 4 — Low Risk
718755483,0.0025,0,Tier 4 — Low Risk
712627083,0.9897,1,Tier 1 — Critical Risk
788990508,0.0028,0,Tier 4 — Low Risk
804437658,0.004,0,Tier 4 — Low Risk
778430733,0.0022,0,Tier 4 — Low Risk
808747233,0.9991,1,Tier 1 — Critical Risk
710555433,0.9983,1,Tier 1 — Critical Risk
708826158,0.0028,0,Tier 4 — Low Risk
717023508,0.0022,0,Tier 4 — Low Risk
719694408,0.9989,1,Tier 1 — Critical Risk
710014683,0.0025,0,Tier 4 — Low Risk
815596608,0.002,0,Tier 4 — Low Risk
712721358,0.999,1,Tier 1 — Critical Risk
716870583,0.002,0,Tier 4 — Low Risk
780076833,0.002,0,Tier 4 — Low Risk
793616883,0.0026,0,Tier 4 — Low Risk
789105183,0.0023,0,Tier 4 — Low Risk
817970208,0.0031,0,Tier 4 — Low Risk
779844408,0.9995,1,Tier 1 — Critical Risk
719206308,0.0023,0,Tier 4 — Low Risk
721269108,0.002,0,Tier 4 — Low Risk
772139433,0.0024,0,Tier 4 — Low Risk
717042333,0.9992,1,Tier 1 — Critical Risk
710273658,0.0025,0,Tier 4 — Low Risk
716626008,0.002,0,Tier 4 — Low Risk
716230158,0.002,0,Tier 4 — Low Risk
713010483,0.0021,0,Tier 4 — Low Risk
711220683,0.002,0,Tier 4 — Low Risk
721398858,0.0021,0,Tier 4 — Low Risk
779400183,0.0036,0,Tier 4 — Low Risk
789964983,0.9991,1,Tier 1 — Critical Risk
715102308,0.0022,0,Tier 4 — Low Risk
712730583,0.0023,0,Tier 4 — Low Risk
718870158,0.0022,0,Tier 4 — Low Risk
719484408,0.0033,0,Tier 4 — Low Risk
720244983,0.0024,0,Tier 4 — Low Risk
781306758,0.9993,1,Tier 1 — Critical Risk
779412783,0.0032,0,Tier 4 — Low Risk
721217283,0.0027,0,Tier 4 — Low Risk
815062383,0.0022,0,Tier 4 — Low Risk
714155283,0.0022,0,Tier 4 — Low Risk
716981358,0.0025,0,Tier 4 — Low Risk
824915208,0.0032,0,Tier 4 — Low Risk
708498033,0.9993,1,Tier 1 — Critical Risk
716860233,0.002,0,Tier 4 — Low Risk
709839858,0.0022,0,Tier 4 — Low Risk
713144208,0.9993,1,Tier 1 — Critical Risk
708573933,0.0024,0,Tier 4 — Low Risk
712579983,0.002,0,Tier 4 — Low Risk
790099758,0.0041,0,Tier 4 — Low Risk
711305208,0.0023,0,Tier 4 — Low Risk
720062508,0.9994,1,Tier 1 — Critical Risk
708205083,0.0021,0,Tier 4 — Low Risk
772336458,0.9993,1,Tier 1 — Critical Risk
710986758,0.0028,0,Tier 4 — Low Risk
789271533,0.0027,0,Tier 4 — Low Risk
711360783,0.0021,0,Tier 4 — Low Risk
714035283,0.9994,1,Tier 1 — Critical Risk
720415833,0.002,0,Tier 4 — Low Risk
778873608,0.0025,0,Tier 4 — Low Risk
718661958,0.0039,0,Tier 4 — Low Risk
719026383,0.0056,0,Tier 4 — Low Risk
710229333,0.003,0,Tier 4 — Low Risk
720437358,0.0039,0,Tier 4 — Low Risk
811467708,0.0024,0,Tier 4 — Low Risk
778933983,0.0022,0,Tier 4 — Low Risk
719413383,0.0022,0,Tier 4 — Low Risk
718252533,0.9989,1,Tier 1 — Critical Risk
718188858,0.0021,0,Tier 4 — Low Risk
711382458,0.9988,1,Tier 1 — Critical Risk
721212258,0.002,0,Tier 4 — Low Risk
717600483,0.0031,0,Tier 4 — Low Risk
761544333,0.0023,0,Tier 4 — Low Risk
809425533,0.0021,0,Tier 4 — Low Risk
709678608,0.0038,0,Tier 4 — Low Risk
713151258,0.0022,0,Tier 4 — Low Risk
715345833,0.0025,0,Tier 4 — Low Risk
720776508,0.0025,0,Tier 4 — Low Risk
720689583,0.0021,0,Tier 4 — Low Risk
801728658,0.003,0,Tier 4 — Low Risk
718979733,0.0021,0,Tier 4 — Low Risk
721163133,0.0028,0,Tier 4 — Low Risk
710595783,0.0028,0,Tier 4 — Low Risk
714781908,0.0021,0,Tier 4 — Low Risk
709618308,0.0024,0,Tier 4 — Low Risk
713971608,0.0021,0,Tier 4 — Low Risk
718020408,0.002,0,Tier 4 — Low Risk
716513358,0.0026,0,Tier 4 — Low Risk
710401458,0.0035,0,Tier 4 — Low Risk
712177908,0.003,0,Tier 4 — Low Risk
719216508,0.002,0,Tier 4 — Low Risk
711017433,0.0031,0,Tier 4 — Low Risk
788386908,0.0022,0,Tier 4 — Low Risk
710819733,0.9987,1,Tier 1 — Critical Risk
711978858,0.0022,0,Tier 4 — Low Risk
807136758,0.9993,1,Tier 1 — Critical Risk
716138958,0.0025,0,Tier 4 — Low Risk
713070033,0.0026,0,Tier 4 — Low Risk
827055333,0.0053,0,Tier 4 — Low Risk
827408058,0.0024,0,Tier 4 — Low Risk
793608258,0.9993,1,Tier 1 — Critical Risk
717013383,0.0021,0,Tier 4 — Low Risk
714320358,0.0056,0,Tier 4 — Low Risk
716948283,0.0026,0,Tier 4 — Low Risk
717657333,0.0027,0,Tier 4 — Low Risk
788687133,0.0035,0,Tier 4 — Low Risk
710736558,0.0028,0,Tier 4 — Low Risk
708721533,0.0033,0,Tier 4 — Low Risk
817108083,0.9993,1,Tier 1 — Critical Risk
719737833,0.0048,0,Tier 4 — Low Risk
813967983,0.002,0,Tier 4 — Low Risk
771464808,0.0024,0,Tier 4 — Low Risk
713025558,0.9982,1,Tier 1 — Critical Risk
779016408,0.003,0,Tier 4 — Low Risk
712096758,0.0021,0,Tier 4 — Low Risk
789523683,0.002,0,Tier 4 — Low Risk
713177808,0.002,0,Tier 4 — Low Risk
718777008,0.0034,0,Tier 4 — Low Risk
711004533,0.0021,0,Tier 4 — Low Risk
720046458,0.0021,0,Tier 4 — Low Risk
710453283,0.0036,0,Tier 4 — Low Risk
708736608,0.9991,1,Tier 1 — Critical Risk
778908783,0.0028,0,Tier 4 — Low Risk
716056158,0.9994,1,Tier 1 — Critical Risk
773257233,0.0021,0,Tier 4 — Low Risk
711371208,0.0022,0,Tier 4 — Low Risk
711831558,0.0021,0,Tier 4 — Low Risk
712164333,0.9993,1,Tier 1 — Critical Risk
780126033,0.9986,1,Tier 1 — Critical Risk
821889858,0.9995,1,Tier 1 — Critical Risk
779656908,0.0022,0,Tier 4 — Low Risk
766821033,0.9988,1,Tier 1 — Critical Risk
789196158,0.0051,0,Tier 4 — Low Risk
714228558,0.0026,0,Tier 4 — Low Risk
827360883,0.0035,0,Tier 4 — Low Risk
712815858,0.0044,0,Tier 4 — Low Risk
714533058,0.002,0,Tier 4 — Low Risk
790149483,0.0021,0,Tier 4 — Low Risk
771584658,0.0021,0,Tier 4 — Low Risk
814181433,0.0025,0,Tier 4 — Low Risk
788761608,0.0021,0,Tier 4 — Low Risk
709009833,0.0025,0,Tier 4 — Low Risk
708244458,0.0022,0,Tier 4 — Low Risk
797998158,0.002,0,Tier 4 — Low Risk
808279158,0.0023,0,Tier 4 — Low Risk
804601833,0.0023,0,Tier 4 — Low Risk
789690483,0.0035,0,Tier 4 — Low Risk
819109308,0.0023,0,Tier 4 — Low Risk
739317558,0.002,0,Tier 4 — Low Risk
721305408,0.002,0,Tier 4 — Low Risk
716535408,0.0022,0,Tier 4 — Low Risk
719391783,0.0021,0,Tier 4 — Low Risk
780602733,0.002,0,Tier 4 — Low Risk
789556533,0.002,0,Tier 4 — Low Risk
713422083,0.9993,1,Tier 1 — Critical Risk
721506708,0.0039,0,Tier 4 — Low Risk
715774833,0.003,0,Tier 4 — Low Risk
714962658,0.9995,1,Tier 1 — Critical Risk
783561558,0.002,0,Tier 4 — Low Risk
826709658,0.9993,1,Tier 1 — Critical Risk
790017858,0.0024,0,Tier 4 — Low Risk
712319958,0.003,0,Tier 4 — Low Risk
717483558,0.003,0,Tier 4 — Low Risk
713985183,0.0021,0,Tier 4 — Low Risk
708404883,0.0098,0,Tier 4 — Low Risk
717208833,0.9992,1,Tier 1 — Critical Risk
816091608,0.002,0,Tier 4 — Low Risk
709087983,0.0024,0,Tier 4 — Low Risk
710763783,0.0033,0,Tier 4 — Low Risk
719018208,0.9993,1,Tier 1 — Critical Risk
713976258,0.0021,0,Tier 4 — Low Risk
709554483,0.0036,0,Tier 4 — Low Risk
794485158,0.0024,0,Tier 4 — Low Risk
718795083,0.002,0,Tier 4 — Low Risk
826451433,0.0021,0,Tier 4 — Low Risk
826717533,0.0023,0,Tier 4 — Low Risk
715294083,0.9861,1,Tier 1 — Critical Risk
779187783,0.0024,0,Tier 4 — Low Risk
719513733,0.002,0,Tier 4 — Low Risk
709816158,0.0037,0,Tier 4 — Low Risk
711720408,0.0033,0,Tier 4 — Low Risk
714960408,0.9994,1,Tier 1 — Critical Risk
770746908,0.0025,0,Tier 4 — Low Risk
716101308,0.0021,0,Tier 4 — Low Risk
809825358,0.0022,0,Tier 4 — Low Risk
719826333,0.0023,0,Tier 4 — Low Risk
710207208,0.003,0,Tier 4 — Low Risk
720128658,0.9987,1,Tier 1 — Critical Risk
780727833,0.0039,0,Tier 4 — Low Risk
802247658,0.9981,1,Tier 1 — Critical Risk
717787533,0.0249,0,Tier 4 — Low Risk
721115733,0.0022,0,Tier 4 — Low Risk
709446783,0.005,0,Tier 4 — Low Risk
784719708,0.0028,0,Tier 4 — Low Risk
718570158,0.0037,0,Tier 4 — Low Risk
709965858,0.002,0,Tier 4 — Low Risk
757594083,0.0026,0,Tier 4 — Low Risk
789599283,0.0028,0,Tier 4 — Low Risk
718947558,0.0021,0,Tier 4 — Low Risk
721147383,0.0021,0,Tier 4 — Low Risk
720683958,0.0031,0,Tier 4 — Low Risk
780657708,0.0022,0,Tier 4 — Low Risk
713935533,0.0021,0,Tier 4 — Low Risk
713948808,0.0021,0,Tier 4 — Low Risk
715406658,0.9993,1,Tier 1 — Critical Risk
772640808,0.0021,0,Tier 4 — Low Risk
708496833,0.9985,1,Tier 1 — Critical Risk
804847308,0.002,0,Tier 4 — Low Risk
716931183,0.002,0,Tier 4 — Low Risk
714030183,0.0033,0,Tier 4 — Low Risk
809296308,0.0027,0,Tier 4 — Low Risk
708358683,0.0026,0,Tier 4 — Low Risk
794664183,0.0022,0,Tier 4 — Low Risk
712475733,0.0047,0,Tier 4 — Low Risk
708770883,0.0035,0,Tier 4 — Low Risk
821339433,0.002,0,Tier 4 — Low Risk
709206333,0.9993,1,Tier 1 — Critical Risk
806914158,0.9995,1,Tier 1 — Critical Risk
709607733,0.0021,0,Tier 4 — Low Risk
712843983,0.9978,1,Tier 1 — Critical Risk
780511683,0.9965,1,Tier 1 — Critical Risk
709161108,0.9972,1,Tier 1 — Critical Risk
708272808,0.0022,0,Tier 4 — Low Risk
708680583,0.002,0,Tier 4 — Low Risk
708712833,0.0029,0,Tier 4 — Low Risk
711947358,0.002,0,Tier 4 — Low Risk
719634408,0.0022,0,Tier 4 — Low Risk
718267233,0.0028,0,Tier 4 — Low Risk
715479483,0.0034,0,Tier 4 — Low Risk
711164508,0.0029,0,Tier 4 — Low Risk
719294433,0.002,0,Tier 4 — Low Risk
714412308,0.9994,1,Tier 1 — Critical Risk
716434533,0.9993,1,Tier 1 — Critical Risk
719061933,0.0029,0,Tier 4 — Low Risk
719091333,0.0031,0,Tier 4 — Low Risk
716573058,0.9992,1,Tier 1 — Critical Risk
740784258,0.002,0,Tier 4 — Low Risk
711863433,0.0059,0,Tier 4 — Low Risk
780529908,0.002,0,Tier 4 — Low Risk
715132758,0.0021,0,Tier 4 — Low Risk
713934633,0.9989,1,Tier 1 — Critical Risk
827423433,0.0024,0,Tier 4 — Low Risk
708385533,0.9991,1,Tier 1 — Critical Risk
789407958,0.0022,0,Tier 4 — Low Risk
712589658,0.004,0,Tier 4 — Low Risk
714759708,0.0029,0,Tier 4 — Low Risk
826068183,0.0043,0,Tier 4 — Low Risk
709913733,0.0053,0,Tier 4 — Low Risk
789744033,0.0039,0,Tier 4 — Low Risk
710926383,0.0027,0,Tier 4 — Low Risk
714052158,0.9992,1,Tier 1 — Critical Risk
714900408,0.0116,0,Tier 4 — Low Risk
787532808,0.002,0,Tier 4 — Low Risk
802449933,0.002,0,Tier 4 — Low Risk
755996583,0.9995,1,Tier 1 — Critical Risk
709625733,0.0026,0,Tier 4 — Low Risk
719686458,0.0029,0,Tier 4 — Low Risk
708642708,0.9995,1,Tier 1 — Critical Risk
790082508,0.0021,0,Tier 4 — Low Risk
713205108,0.0021,0,Tier 4 — Low Risk
710838108,0.003,0,Tier 4 — Low Risk
714427608,0.0021,0,Tier 4 — Low Risk
711655683,0.0021,0,Tier 4 — Low Risk
826168083,0.0024,0,Tier 4 — Low Risk
708553008,0.0057,0,Tier 4 — Low Risk
719554758,0.0029,0,Tier 4 — Low Risk
820383558,0.0023,0,Tier 4 — Low Risk
817293258,0.0022,0,Tier 4 — Low Risk
709275558,0.0027,0,Tier 4 — Low Risk
816078708,0.002,0,Tier 4 — Low Risk
719490108,0.003,0,Tier 4 — Low Risk
710410158,0.9971,1,Tier 1 — Critical Risk
813961233,0.0025,0,Tier 4 — Low Risk
714259533,0.002,0,Tier 4 — Low Risk
713550483,0.0021,0,Tier 4 — Low Risk
719073483,0.9976,1,Tier 1 — Critical Risk
710428308,0.002,0,Tier 4 — Low Risk
779340183,0.0028,0,Tier 4 — Low Risk
788820933,0.002,0,Tier 4 — Low Risk
798022683,0.9992,1,Tier 1 — Critical Risk
717273333,0.0021,0,Tier 4 — Low Risk
713952558,0.9981,1,Tier 1 — Critical Risk
712545183,0.0086,0,Tier 4 — Low Risk
789611283,0.0022,0,Tier 4 — Low Risk
713339283,0.0027,0,Tier 4 — Low Risk
721032633,0.9992,1,Tier 1 — Critical Risk
719953383,0.0027,0,Tier 4 — Low Risk
712814658,0.0021,0,Tier 4 — Low Risk
711764733,0.0027,0,Tier 4 — Low Risk
715915458,0.0025,0,Tier 4 — Low Risk
720712533,0.0021,0,Tier 4 — Low Risk
709984083,0.002,0,Tier 4 — Low Risk
719268333,0.002,0,Tier 4 — Low Risk
790048158,0.0061,0,Tier 4 — Low Risk
717856983,0.0063,0,Tier 4 — Low Risk
715545933,0.002,0,Tier 4 — Low Risk
709861008,0.0021,0,Tier 4 — Low Risk
712863183,0.0024,0,Tier 4 — Low Risk
712423233,0.002,0,Tier 4 — Low Risk
711648708,0.0027,0,Tier 4 — Low Risk
714864333,0.9993,1,Tier 1 — Critical Risk
788830683,0.0025,0,Tier 4 — Low Risk
719358333,0.0028,0,Tier 4 — Low Risk
789541458,0.0021,0,Tier 4 — Low Risk
711589758,0.002,0,Tier 4 — Low Risk
711574008,0.0066,0,Tier 4 — Low Risk
779548008,0.0024,0,Tier 4 — Low Risk
801037833,0.002,0,Tier 4 — Low Risk
720924633,0.0025,0,Tier 4 — Low Risk
718596858,0.0027,0,Tier 4 — Low Risk
737967708,0.0022,0,Tier 4 — Low Risk
798110358,0.0091,0,Tier 4 — Low Risk
789582483,0.002,0,Tier 4 — Low Risk
710529708,0.0029,0,Tier 4 — Low Risk
789526458,0.0034,0,Tier 4 — Low Risk
711039633,0.0035,0,Tier 4 — Low Risk
828294933,0.9992,1,Tier 1 — Critical Risk
720422358,0.0022,0,Tier 4 — Low Risk
720252858,0.0028,0,Tier 4 — Low Risk
788966958,0.0026,0,Tier 4 — Low Risk
714435408,0.003,0,Tier 4 — Low Risk
713453733,0.0035,0,Tier 4 — Low Risk
711208083,0.002,0,Tier 4 — Low Risk
721220583,0.0021,0,Tier 4 — Low Risk
720205608,0.0023,0,Tier 4 — Low Risk
789983133,0.0025,0,Tier 4 — Low Risk
787581858,0.0022,0,Tier 4 — Low Risk
708705783,0.9991,1,Tier 1 — Critical Risk
717234183,0.0042,0,Tier 4 — Low Risk
808705758,0.0021,0,Tier 4 — Low Risk
711183558,0.0029,0,Tier 4 — Low Risk
812979408,0.9993,1,Tier 1 — Critical Risk
715354008,0.0028,0,Tier 4 — Low Risk
721062408,0.0092,0,Tier 4 — Low Risk
712410858,0.0021,0,Tier 4 — Low Risk
779116158,0.0033,0,Tier 4 — Low Risk
712866933,0.002,0,Tier 4 — Low Risk
710411358,0.9993,1,Tier 1 — Critical Risk
771881283,0.0021,0,Tier 4 — Low Risk
715363908,0.0053,0,Tier 4 — Low Risk
789560433,0.9992,1,Tier 1 — Critical Risk
709752183,0.0026,0,Tier 4 — Low Risk
807161508,0.0047,0,Tier 4 — Low Risk
708393633,0.0025,0,Tier 4 — Low Risk
771886233,0.0024,0,Tier 4 — Low Risk
716930133,0.0034,0,Tier 4 — Low Risk
809937933,0.002,0,Tier 4 — Low Risk
816596583,0.0024,0,Tier 4 — Low Risk
718803333,0.0025,0,Tier 4 — Low Risk
795237183,0.0023,0,Tier 4 — Low Risk
720419358,0.0023,0,Tier 4 — Low Risk
719514783,0.0024,0,Tier 4 — Low Risk
780374133,0.0023,0,Tier 4 — Low Risk
810868758,0.0021,0,Tier 4 — Low Risk
714286383,0.002,0,Tier 4 — Low Risk
708588408,0.0039,0,Tier 4 — Low Risk
813338733,0.002,0,Tier 4 — Low Risk
788826408,0.0022,0,Tier 4 — Low Risk
713134458,0.003,0,Tier 4 — Low Risk
716350008,0.002,0,Tier 4 — Low Risk
738062658,0.0022,0,Tier 4 — Low Risk
709449333,0.002,0,Tier 4 — Low Risk
718665933,0.0028,0,Tier 4 — Low Risk
748503708,0.0027,0,Tier 4 — Low Risk
807141183,0.0038,0,Tier 4 — Low Risk
766381908,0.0021,0,Tier 4 — Low Risk
822112383,0.0021,0,Tier 4 — Low Risk
709061658,0.0026,0,Tier 4 — Low Risk
797166633,0.0022,0,Tier 4 — Low Risk
789435783,0.0022,0,Tier 4 — Low Risk
708266883,0.9991,1,Tier 1 — Critical Risk
716793108,0.0022,0,Tier 4 — Low Risk
712253058,0.0021,0,Tier 4 — Low Risk
716430933,0.0021,0,Tier 4 — Low Risk
715746633,0.0052,0,Tier 4 — Low Risk
714842208,0.0021,0,Tier 4 — Low Risk
713879283,0.0031,0,Tier 4 — Low Risk
778679883,0.0035,0,Tier 4 — Low Risk
712110333,0.9994,1,Tier 1 — Critical Risk
720724008,0.0023,0,Tier 4 — Low Risk
708387933,0.0024,0,Tier 4 — Low Risk
712165308,0.0022,0,Tier 4 — Low Risk
720283758,0.9989,1,Tier 1 — Critical Risk
708473133,0.0025,0,Tier 4 — Low Risk
810493458,0.003,0,Tier 4 — Low Risk
711122958,0.9984,1,Tier 1 — Critical Risk
721502958,0.0034,0,Tier 4 — Low Risk
715908558,0.003,0,Tier 4 — Low Risk
711594858,0.0022,0,Tier 4 — Low Risk
789513858,0.9993,1,Tier 1 — Critical Risk
712795833,0.9983,1,Tier 1 — Critical Risk
719628033,0.0103,0,Tier 4 — Low Risk
718282983,0.0023,0,Tier 4 — Low Risk
714121983,0.0025,0,Tier 4 — Low Risk
709791333,0.0027,0,Tier 4 — Low Risk
779916408,0.0023,0,Tier 4 — Low Risk
711657783,0.0021,0,Tier 4 — Low Risk
780203883,0.0022,0,Tier 4 — Low Risk
709367433,0.0035,0,Tier 4 — Low Risk
736145283,0.0022,0,Tier 4 — Low Risk
711516783,0.0035,0,Tier 4 — Low Risk
712104333,0.0021,0,Tier 4 — Low Risk
711116133,0.9994,1,Tier 1 — Critical Risk
712988958,0.0028,0,Tier 4 — Low Risk
771201408,0.002,0,Tier 4 — Low Risk
712011633,0.0021,0,Tier 4 — Low Risk
713579733,0.0021,0,Tier 4 — Low Risk
796544133,0.0026,0,Tier 4 — Low Risk
709272333,0.002,0,Tier 4 — Low Risk
715153158,0.0023,0,Tier 4 — Low Risk
779342958,0.0022,0,Tier 4 — Low Risk
810545733,0.0023,0,Tier 4 — Low Risk
805453908,0.002,0,Tier 4 — Low Risk
817086783,0.0026,0,Tier 4 — Low Risk
714943233,0.002,0,Tier 4 — Low Risk
789097833,0.0022,0,Tier 4 — Low Risk
759584958,0.9988,1,Tier 1 — Critical Risk
708886533,0.002,0,Tier 4 — Low Risk
708761733,0.015,0,Tier 4 — Low Risk
711600033,0.002,0,Tier 4 — Low Risk
769935783,0.0026,0,Tier 4 — Low Risk
717446208,0.0023,0,Tier 4 — Low Risk
721121283,0.002,0,Tier 4 — Low Risk
819151083,0.002,0,Tier 4 — Low Risk
716470683,0.0029,0,Tier 4 — Low Risk
779643858,0.0029,0,Tier 4 — Low Risk
787665258,0.9991,1,Tier 1 — Critical Risk
787475433,0.0021,0,Tier 4 — Low Risk
717448383,0.9988,1,Tier 1 — Critical Risk
710812533,0.9995,1,Tier 1 — Critical Risk
716461683,0.002,0,Tier 4 — Low Risk
814571058,0.002,0,Tier 4 — Low Risk
712071708,0.0044,0,Tier 4 — Low Risk
720769533,0.0023,0,Tier 4 — Low Risk
794581533,0.0023,0,Tier 4 — Low Risk
715732533,0.9962,1,Tier 1 — Critical Risk
708286683,0.002,0,Tier 4 — Low Risk
708543258,0.0026,0,Tier 4 — Low Risk
713809833,0.0021,0,Tier 4 — Low Risk
793636308,0.0032,0,Tier 4 — Low Risk
789095958,0.9994,1,Tier 1 — Critical Risk
757722708,0.0027,0,Tier 4 — Low Risk
738627708,0.9993,1,Tier 1 — Critical Risk
820353558,0.0035,0,Tier 4 — Low Risk
718739508,0.0133,0,Tier 4 — Low Risk
788943333,0.9962,1,Tier 1 — Critical Risk
708397008,0.0021,0,Tier 4 — Low Risk
711392508,0.0023,0,Tier 4 — Low Risk
780653208,0.0029,0,Tier 4 — Low Risk
710251608,0.0051,0,Tier 4 — Low Risk
719354433,0.002,0,Tier 4 — Low Risk
710676483,0.0026,0,Tier 4 — Low Risk
826414083,0.0022,0,Tier 4 — Low Risk
720673008,0.0038,0,Tier 4 — Low Risk
716736858,0.002,0,Tier 4 — Low Risk
715660308,0.9993,1,Tier 1 — Critical Risk
785387883,0.0029,0,Tier 4 — Low Risk
721028283,0.0023,0,Tier 4 — Low Risk
717797658,0.003,0,Tier 4 — Low Risk
712390683,0.0038,0,Tier 4 — Low Risk
717965808,0.0032,0,Tier 4 — Low Risk
721514883,0.0021,0,Tier 4 — Low Risk
718477983,0.0022,0,Tier 4 — Low Risk
719671383,0.0024,0,Tier 4 — Low Risk
711191808,0.0044,0,Tier 4 — Low Risk
708637758,0.0048,0,Tier 4 — Low Risk
794675058,0.9991,1,Tier 1 — Critical Risk
720508233,0.6429,1,Tier 2 — High Risk
713094483,0.0036,0,Tier 4 — Low Risk
780064983,0.0021,0,Tier 4 — Low Risk
710155158,0.999,1,Tier 1 — Critical Risk
710904708,0.0021,0,Tier 4 — Low Risk
801715383,0.9993,1,Tier 1 — Critical Risk
806889633,0.0027,0,Tier 4 — Low Risk
794831733,0.0024,0,Tier 4 — Low Risk
712019883,0.0022,0,Tier 4 — Low Risk
770956158,0.0021,0,Tier 4 — Low Risk
778386033,0.0051,0,Tier 4 — Low Risk
708147108,0.002,0,Tier 4 — Low Risk
710310108,0.0024,0,Tier 4 — Low Risk
771982083,0.0021,0,Tier 4 — Low Risk
714754533,0.002,0,Tier 4 — Low Risk
717626508,0.0021,0,Tier 4 — Low Risk
718328283,0.0021,0,Tier 4 — Low Risk
716739258,0.005,0,Tier 4 — Low Risk
714277758,0.0034,0,Tier 4 — Low Risk
720210483,0.0025,0,Tier 4 — Low Risk
720411183,0.002,0,Tier 4 — Low Risk
711379083,0.002,0,Tier 4 — Low Risk
798558783,0.0021,0,Tier 4 — Low Risk
713363583,0.0022,0,Tier 4 — Low Risk
720339558,0.002,0,Tier 4 — Low Risk
715008858,0.0023,0,Tier 4 — Low Risk
779037408,0.003,0,Tier 4 — Low Risk
721513833,0.0025,0,Tier 4 — Low Risk
714311583,0.0028,0,Tier 4 — Low Risk
797414733,0.0065,0,Tier 4 — Low Risk
716864733,0.003,0,Tier 4 — Low Risk
712924383,0.9992,1,Tier 1 — Critical Risk
719854008,0.0027,0,Tier 4 — Low Risk
771630783,0.0024,0,Tier 4 — Low Risk
771471708,0.0024,0,Tier 4 — Low Risk
769463433,0.0025,0,Tier 4 — Low Risk
711377808,0.0022,0,Tier 4 — Low Risk
713133258,0.0023,0,Tier 4 — Low Risk
718162908,0.003,0,Tier 4 — Low Risk
713257083,0.002,0,Tier 4 — Low Risk
772687983,0.002,0,Tier 4 — Low Risk
711535158,0.9988,1,Tier 1 — Critical Risk
799700208,0.0022,0,Tier 4 — Low Risk
717177783,0.0023,0,Tier 4 — Low Risk
711402333,0.0033,0,Tier 4 — Low Risk
714304458,0.004,0,Tier 4 — Low Risk
713347608,0.9976,1,Tier 1 — Critical Risk
718303683,0.9993,1,Tier 1 — Critical Risk
714317058,0.0021,0,Tier 4 — Low Risk
718152333,0.9993,1,Tier 1 — Critical Risk
716385033,0.0028,0,Tier 4 — Low Risk
720674133,0.0028,0,Tier 4 — Low Risk
719153433,0.002,0,Tier 4 — Low Risk
712765158,0.0112,0,Tier 4 — Low Risk
713229633,0.9991,1,Tier 1 — Critical Risk
712256358,0.0035,0,Tier 4 — Low Risk
717656433,0.002,0,Tier 4 — Low Risk
771081558,0.0023,0,Tier 4 — Low Risk
710702733,0.0024,0,Tier 4 — Low Risk
779612808,0.0055,0,Tier 4 — Low Risk
713904708,0.002,0,Tier 4 — Low Risk
716546283,0.0028,0,Tier 4 — Low Risk
711670308,0.0023,0,Tier 4 — Low Risk
710856558,0.002,0,Tier 4 — Low Risk
713639958,0.0033,0,Tier 4 — Low Risk
716987358,0.9988,1,Tier 1 — Critical Risk
720008133,0.0021,0,Tier 4 — Low Risk
710084883,0.0021,0,Tier 4 — Low Risk
816476658,0.9983,1,Tier 1 — Critical Risk
778486008,0.0023,0,Tier 4 — Low Risk
769053033,0.9994,1,Tier 1 — Critical Risk
716171358,0.002,0,Tier 4 — Low Risk
772684833,0.003,0,Tier 4 — Low Risk
709485033,0.0028,0,Tier 4 — Low Risk
713352183,0.0023,0,Tier 4 — Low Risk
712557708,0.0027,0,Tier 4 — Low Risk
821149008,0.9991,1,Tier 1 — Critical Risk
711816108,0.9995,1,Tier 1 — Critical Risk
712532058,0.0028,0,Tier 4 — Low Risk
718811058,0.0022,0,Tier 4 — Low Risk
713696808,0.9995,1,Tier 1 — Critical Risk
753233733,0.002,0,Tier 4 — Low Risk
717030633,0.0029,0,Tier 4 — Low Risk
718320933,0.0021,0,Tier 4 — Low Risk
714608583,0.9991,1,Tier 1 — Critical Risk
715942683,0.0026,0,Tier 4 — Low Risk
771356508,0.0028,0,Tier 4 — Low Risk
711326583,0.0033,0,Tier 4 — Low Risk
714621183,0.0023,0,Tier 4 — Low Risk
712805658,0.0022,0,Tier 4 — Low Risk
808981608,0.0021,0,Tier 4 — Low Risk
718337733,0.0033,0,Tier 4 — Low Risk
715921758,0.0022,0,Tier 4 — Low Risk
779803008,0.002,0,Tier 4 — Low Risk
717195933,0.9995,1,Tier 1 — Critical Risk
712562433,0.9994,1,Tier 1 — Critical Risk
769578108,0.003,0,Tier 4 — Low Risk
715442958,0.0021,0,Tier 4 — Low Risk
708402333,0.0023,0,Tier 4 — Low Risk
719334408,0.0034,0,Tier 4 — Low Risk
788246958,0.0027,0,Tier 4 — Low Risk
780336258,0.0025,0,Tier 4 — Low Risk
772706283,0.0021,0,Tier 4 — Low Risk
780684933,0.002,0,Tier 4 — Low Risk
712927383,0.9995,1,Tier 1 — Critical Risk
712820208,0.0021,0,Tier 4 — Low Risk
721434483,0.0033,0,Tier 4 — Low Risk
720659283,0.0023,0,Tier 4 — Low Risk
716004258,0.002,0,Tier 4 — Low Risk
713111883,0.0034,0,Tier 4 — Low Risk
772248408,0.0024,0,Tier 4 — Low Risk
787492908,0.002,0,Tier 4 — Low Risk
718227033,0.0026,0,Tier 4 — Low Risk
711320508,0.0024,0,Tier 4 — Low Risk
718828083,0.002,0,Tier 4 — Low Risk
709823733,0.9987,1,Tier 1 — Critical Risk
772116408,0.0035,0,Tier 4 — Low Risk
717355533,0.0021,0,Tier 4 — Low Risk
715932708,0.0023,0,Tier 4 — Low Risk
719679858,0.0035,0,Tier 4 — Low Risk
772323033,0.0021,0,Tier 4 — Low Risk
714168183,0.0035,0,Tier 4 — Low Risk
710719683,0.0023,0,Tier 4 — Low Risk
719876808,0.0025,0,Tier 4 — Low Risk
778894233,0.0021,0,Tier 4 — Low Risk
712881483,0.0113,0,Tier 4 — Low Risk
789481233,0.999,1,Tier 1 — Critical Risk
714767508,0.0028,0,Tier 4 — Low Risk
789144633,0.0027,0,Tier 4 — Low Risk
710635083,0.003,0,Tier 4 — Low Risk
711557508,0.002,0,Tier 4 — Low Risk
720650208,0.0039,0,Tier 4 — Low Risk
810856833,0.0022,0,Tier 4 — Low Risk
712828533,0.0164,0,Tier 4 — Low Risk
714503433,0.9995,1,Tier 1 — Critical Risk
817245183,0.002,0,Tier 4 — Low Risk
709106358,0.0033,0,Tier 4 — Low Risk
720179883,0.0026,0,Tier 4 — Low Risk
816756783,0.0023,0,Tier 4 — Low Risk
812501358,0.0025,0,Tier 4 — Low Risk
717203958,0.0035,0,Tier 4 — Low Risk
719661558,0.0023,0,Tier 4 — Low Risk
716297658,0.0116,0,Tier 4 — Low Risk
756065433,0.0029,0,Tier 4 — Low Risk
717076458,0.0036,0,Tier 4 — Low Risk
716586408,0.0026,0,Tier 4 — Low Risk
719776608,0.0093,0,Tier 4 — Low Risk
710268858,0.0023,0,Tier 4 — Low Risk
719400108,0.0035,0,Tier 4 — Low Risk
715398858,0.0027,0,Tier 4 — Low Risk
717359208,0.002,0,Tier 4 — Low Risk
788595183,0.0024,0,Tier 4 — Low Risk
772082208,0.0022,0,Tier 4 — Low Risk
720770883,0.006,0,Tier 4 — Low Risk
716263533,0.0021,0,Tier 4 — Low Risk
719848008,0.0023,0,Tier 4 — Low Risk
717073308,0.0027,0,Tier 4 — Low Risk
716277558,0.0038,0,Tier 4 — Low Risk
712010358,0.9991,1,Tier 1 — Critical Risk
709319658,0.9982,1,Tier 1 — Critical Risk
794665608,0.0049,0,Tier 4 — Low Risk
708997833,0.0021,0,Tier 4 — Low Risk
717135333,0.0021,0,Tier 4 — Low Risk
795784008,0.9995,1,Tier 1 — Critical Risk
711728208,0.0024,0,Tier 4 — Low Risk
737925558,0.0022,0,Tier 4 — Low Risk
719147208,0.0035,0,Tier 4 — Low Risk
715941633,0.0052,0,Tier 4 — Low Risk
714078558,0.9992,1,Tier 1 — Critical Risk
719453283,0.0021,0,Tier 4 — Low Risk
794507133,0.9988,1,Tier 1 — Critical Risk
710790258,0.0036,0,Tier 4 — Low Risk
755953308,0.0029,0,Tier 4 — Low Risk
712710708,0.0027,0,Tier 4 — Low Risk
717843783,0.003,0,Tier 4 — Low Risk
710297133,0.0021,0,Tier 4 — Low Risk
716222808,0.0026,0,Tier 4 — Low Risk
714069858,0.0025,0,Tier 4 — Low Risk
787659483,0.003,0,Tier 4 — Low Risk
757167633,0.0021,0,Tier 4 — Low Risk
717207408,0.0041,0,Tier 4 — Low Risk
778224858,0.002,0,Tier 4 — Low Risk
709103358,0.0024,0,Tier 4 — Low Risk
816829608,0.0036,0,Tier 4 — Low Risk
719838558,0.0022,0,Tier 4 — Low Risk
718161708,0.0054,0,Tier 4 — Low Risk
717382608,0.002,0,Tier 4 — Low Risk
711762408,0.002,0,Tier 4 — Low Risk
811571733,0.0031,0,Tier 4 — Low Risk
779403558,0.0024,0,Tier 4 — Low Risk
718399233,0.0022,0,Tier 4 — Low Risk
711343233,0.0041,0,Tier 4 — Low Risk
779536233,0.0022,0,Tier 4 — Low Risk
718893333,0.002,0,Tier 4 — Low Risk
716697708,0.9993,1,Tier 1 — Critical Risk
708788583,0.9991,1,Tier 1 — Critical Risk
713808633,0.0029,0,Tier 4 — Low Risk
721210158,0.0033,0,Tier 4 — Low Risk
789666333,0.0024,0,Tier 4 — Low Risk
710872233,0.4009,1,Tier 3 — Medium Risk
780497958,0.0032,0,Tier 4 — Low Risk
798047583,0.0033,0,Tier 4 — Low Risk
817089408,0.0022,0,Tier 4 — Low Risk
787472283,0.0021,0,Tier 4 — Low Risk
801786483,0.0036,0,Tier 4 — Low Risk
709040508,0.0021,0,Tier 4 — Low Risk
709257708,0.0021,0,Tier 4 — Low Risk
753118533,0.0026,0,Tier 4 — Low Risk
812222208,0.0045,0,Tier 4 — Low Risk
714187533,0.007,0,Tier 4 — Low Risk
789180933,0.0031,0,Tier 4 — Low Risk
718140783,0.0027,0,Tier 4 — Low Risk
713924283,0.9978,1,Tier 1 — Critical Risk
713236458,0.0032,0,Tier 4 — Low Risk
816315558,0.003,0,Tier 4 — Low Risk
770135358,0.0021,0,Tier 4 — Low Risk
714284358,0.0021,0,Tier 4 — Low Risk
712965183,0.0024,0,Tier 4 — Low Risk
713668158,0.9961,1,Tier 1 — Critical Risk
784819758,0.002,0,Tier 4 — Low Risk
712025958,0.0023,0,Tier 4 — Low Risk
713653983,0.002,0,Tier 4 — Low Risk
712619808,0.0022,0,Tier 4 — Low Risk
710086308,0.002,0,Tier 4 — Low Risk
711781233,0.0026,0,Tier 4 — Low Risk
708254733,0.004,0,Tier 4 — Low Risk
788930358,0.0025,0,Tier 4 — Low Risk
714361083,0.9984,1,Tier 1 — Critical Risk
713253858,0.9993,1,Tier 1 — Critical Risk
771020133,0.0029,0,Tier 4 — Low Risk
719593608,0.9994,1,Tier 1 — Critical Risk
714407058,0.0024,0,Tier 4 — Low Risk
721282908,0.0023,0,Tier 4 — Low Risk
771507258,0.0027,0,Tier 4 — Low Risk
716285358,0.0023,0,Tier 4 — Low Risk
711985833,0.0186,0,Tier 4 — Low Risk
717182883,0.0027,0,Tier 4 — Low Risk
714618333,0.0022,0,Tier 4 — Low Risk
709443633,0.0022,0,Tier 4 — Low Risk
778180158,0.002,0,Tier 4 — Low Risk
713755458,0.9992,1,Tier 1 — Critical Risk
767269908,0.0024,0,Tier 4 — Low Risk
778231983,0.002,0,Tier 4 — Low Risk
769911858,0.0029,0,Tier 4 — Low Risk
711866358,0.0022,0,Tier 4 — Low Risk
774437583,0.0036,0,Tier 4 — Low Risk
711232608,0.9994,1,Tier 1 — Critical Risk
721315233,0.002,0,Tier 4 — Low Risk
713401758,0.0021,0,Tier 4 — Low Risk
769438608,0.9993,1,Tier 1 — Critical Risk
713172408,0.0027,0,Tier 4 — Low Risk
778425408,0.003,0,Tier 4 — Low Risk
718611333,0.002,0,Tier 4 — Low Risk
771400608,0.004,0,Tier 4 — Low Risk
719990358,0.0021,0,Tier 4 — Low Risk
714250908,0.9993,1,Tier 1 — Critical Risk
715992558,0.002,0,Tier 4 — Low Risk
713181558,0.0029,0,Tier 4 — Low Risk
793597833,0.002,0,Tier 4 — Low Risk
816013383,0.9994,1,Tier 1 — Critical Risk
715518783,0.0022,0,Tier 4 — Low Risk
779353083,0.0029,0,Tier 4 — Low Risk
719881533,0.9988,1,Tier 1 — Critical Risk
792864858,0.0025,0,Tier 4 — Low Risk
808681158,0.0029,0,Tier 4 — Low Risk
717390408,0.9974,1,Tier 1 — Critical Risk
720551733,0.9991,1,Tier 1 — Critical Risk
772273983,0.9995,1,Tier 1 — Critical Risk
720648483,0.0033,0,Tier 4 — Low Risk
721486908,0.0022,0,Tier 4 — Low Risk
716657058,0.0034,0,Tier 4 — Low Risk
713630733,0.0055,0,Tier 4 — Low Risk
718586133,0.002,0,Tier 4 — Low Risk
717482658,0.0029,0,Tier 4 — Low Risk
718503108,0.0029,0,Tier 4 — Low Risk
714148758,0.004,0,Tier 4 — Low Risk
708902883,0.0033,0,Tier 4 — Low Risk
771499233,0.0022,0,Tier 4 — Low Risk
714113658,0.0021,0,Tier 4 — Low Risk
713231658,0.0022,0,Tier 4 — Low Risk
708319908,0.9993,1,Tier 1 — Critical Risk
715629783,0.0023,0,Tier 4 — Low Risk
820587258,0.0023,0,Tier 4 — Low Risk
771852483,0.0033,0,Tier 4 — Low Risk
712578933,0.9984,1,Tier 1 — Critical Risk
711263058,0.0021,0,Tier 4 — Low Risk
779405133,0.0022,0,Tier 4 — Low Risk
716094333,0.0021,0,Tier 4 — Low Risk
778837083,0.999,1,Tier 1 — Critical Risk
712434708,0.9995,1,Tier 1 — Critical Risk
771431133,0.0024,0,Tier 4 — Low Risk
709716258,0.003,0,Tier 4 — Low Risk
710464683,0.0025,0,Tier 4 — Low Risk
787543008,0.0021,0,Tier 4 — Low Risk
709363383,0.0021,0,Tier 4 — Low Risk
817988433,0.002,0,Tier 4 — Low Risk
717189183,0.0025,0,Tier 4 — Low Risk
710854008,0.0027,0,Tier 4 — Low Risk
714531108,0.002,0,Tier 4 — Low Risk
778420383,0.0031,0,Tier 4 — Low Risk
809068983,0.0023,0,Tier 4 — Low Risk
713131158,0.9992,1,Tier 1 — Critical Risk
709649958,0.9993,1,Tier 1 — Critical Risk
754886958,0.0024,0,Tier 4 — Low Risk
713476758,0.0021,0,Tier 4 — Low Risk
709473708,0.0026,0,Tier 4 — Low Risk
708190158,0.997,1,Tier 1 — Critical Risk
719813058,0.0031,0,Tier 4 — Low Risk
708158133,0.9994,1,Tier 1 — Critical Risk
815826708,0.0021,0,Tier 4 — Low Risk
712682583,0.0043,0,Tier 4 — Low Risk
714917583,0.0021,0,Tier 4 — Low Risk
711577458,0.0023,0,Tier 4 — Low Risk
717623583,0.0022,0,Tier 4 — Low Risk
708899283,0.0024,0,Tier 4 — Low Risk
720249183,0.0027,0,Tier 4 — Low Risk
718653333,0.9995,1,Tier 1 — Critical Risk
721424583,0.0022,0,Tier 4 — Low Risk
708451233,0.0032,0,Tier 4 — Low Risk
788122533,0.0101,0,Tier 4 — Low Risk
708298233,0.9991,1,Tier 1 — Critical Risk
711935283,0.9992,1,Tier 1 — Critical Risk
769892058,0.0025,0,Tier 4 — Low Risk
717954333,0.0033,0,Tier 4 — Low Risk
820108008,0.0021,0,Tier 4 — Low Risk
712840608,0.0023,0,Tier 4 — Low Risk
817240833,0.0026,0,Tier 4 — Low Risk
771051783,0.0058,0,Tier 4 — Low Risk
779895108,0.004,0,Tier 4 — Low Risk
714811533,0.0027,0,Tier 4 — Low Risk
714945708,0.9963,1,Tier 1 — Critical Risk
712925808,0.9992,1,Tier 1 — Critical Risk
712302783,0.0021,0,Tier 4 — Low Risk
710725383,0.0021,0,Tier 4 — Low Risk
708710283,0.002,0,Tier 4 — Low Risk
708382083,0.0029,0,Tier 4 — Low Risk
767404083,0.9993,1,Tier 1 — Critical Risk
773297508,0.0025,0,Tier 4 — Low Risk
717478983,0.0025,0,Tier 4 — Low Risk
709679658,0.0021,0,Tier 4 — Low Risk
721427358,0.9994,1,Tier 1 — Critical Risk
718178583,0.0021,0,Tier 4 — Low Risk
718489608,0.0029,0,Tier 4 — Low Risk
721349883,0.0032,0,Tier 4 — Low Risk
787505133,0.9992,1,Tier 1 — Critical Risk
711521958,0.0023,0,Tier 4 — Low Risk
708271833,0.0028,0,Tier 4 — Low Risk
711242058,0.9981,1,Tier 1 — Critical Risk
718524783,0.9991,1,Tier 1 — Critical Risk
715050408,0.0022,0,Tier 4 — Low Risk
757527033,0.0027,0,Tier 4 — Low Risk
717580458,0.9983,1,Tier 1 — Critical Risk
714938733,0.9994,1,Tier 1 — Critical Risk
719170683,0.0024,0,Tier 4 — Low Risk
715347783,0.0052,0,Tier 4 — Low Risk
790108908,0.0022,0,Tier 4 — Low Risk
789218433,0.0026,0,Tier 4 — Low Risk
789469083,0.0022,0,Tier 4 — Low Risk
715797783,0.0027,0,Tier 4 — Low Risk
713761608,0.0027,0,Tier 4 — Low Risk
771669183,0.0021,0,Tier 4 — Low Risk
779521533,0.0021,0,Tier 4 — Low Risk
715554708,0.0022,0,Tier 4 — Low Risk
767687208,0.002,0,Tier 4 — Low Risk
708655983,0.0032,0,Tier 4 — Low Risk
720729108,0.0021,0,Tier 4 — Low Risk
708722583,0.002,0,Tier 4 — Low Risk
715371108,0.9991,1,Tier 1 — Critical Risk
797238108,0.0022,0,Tier 4 — Low Risk
718640508,0.0038,0,Tier 4 — Low Risk
709487058,0.0022,0,Tier 4 — Low Risk
712948383,0.0025,0,Tier 4 — Low Risk
708469533,0.0023,0,Tier 4 — Low Risk
709104333,0.0078,0,Tier 4 — Low Risk
755420433,0.003,0,Tier 4 — Low Risk
718996758,0.0022,0,Tier 4 — Low Risk
719445633,0.0021,0,Tier 4 — Low Risk
709231683,0.0031,0,Tier 4 — Low Risk
708846183,0.002,0,Tier 4 — Low Risk
826723308,0.0024,0,Tier 4 — Low Risk
710825658,0.0025,0,Tier 4 — Low Risk
796931508,0.9994,1,Tier 1 — Critical Risk
808753758,0.002,0,Tier 4 — Low Risk
789494133,0.0027,0,Tier 4 — Low Risk
816312633,0.0048,0,Tier 4 — Low Risk
720029508,0.0023,0,Tier 4 — Low Risk
714971583,0.002,0,Tier 4 — Low Risk
789325008,0.0023,0,Tier 4 — Low Risk
713287608,0.005,0,Tier 4 — Low Risk
754872333,0.0026,0,Tier 4 — Low Risk
713573508,0.9994,1,Tier 1 — Critical Risk
718875483,0.002,0,Tier 4 — Low Risk
780237033,0.0023,0,Tier 4 — Low Risk
710363433,0.0025,0,Tier 4 — Low Risk
795232683,0.002,0,Tier 4 — Low Risk
719577258,0.9992,1,Tier 1 — Critical Risk
717400533,0.004,0,Tier 4 — Low Risk
713047608,0.9993,1,Tier 1 — Critical Risk
716645883,0.0023,0,Tier 4 — Low Risk
709707033,0.9992,1,Tier 1 — Critical Risk
711112683,0.0024,0,Tier 4 — Low Risk
799723908,0.002,0,Tier 4 — Low Risk
712290258,0.0024,0,Tier 4 — Low Risk
710462433,0.002,0,Tier 4 — Low Risk
812446158,0.0024,0,Tier 4 — Low Risk
788741733,0.002,0,Tier 4 — Low Risk
780201633,0.9995,1,Tier 1 — Critical Risk
713656308,0.0035,0,Tier 4 — Low Risk
710749458,0.0028,0,Tier 4 — Low Risk
817142433,0.0044,0,Tier 4 — Low Risk
789491058,0.0037,0,Tier 4 — Low Risk
812488608,0.0021,0,Tier 4 — Low Risk
710563458,0.0021,0,Tier 4 — Low Risk
716013858,0.0023,0,Tier 4 — Low Risk
717890583,0.0026,0,Tier 4 — Low Risk
789540108,0.0021,0,Tier 4 — Low Risk
708753633,0.0025,0,Tier 4 — Low Risk
772776033,0.0038,0,Tier 4 — Low Risk
751283658,0.0037,0,Tier 4 — Low Risk
711237633,0.9991,1,Tier 1 — Critical Risk
817197333,0.0051,0,Tier 4 — Low Risk
718737708,0.0026,0,Tier 4 — Low Risk
710507733,0.0021,0,Tier 4 — Low Risk
712979133,0.9938,1,Tier 1 — Critical Risk
717975333,0.0033,0,Tier 4 — Low Risk
787563858,0.0025,0,Tier 4 — Low Risk
779442783,0.002,0,Tier 4 — Low Risk
720608658,0.002,0,Tier 4 — Low Risk
714524583,0.9993,1,Tier 1 — Critical Risk
713580633,0.0041,0,Tier 4 — Low Risk
712214283,0.002,0,Tier 4 — Low Risk
720190083,0.9995,1,Tier 1 — Critical Risk
718394658,0.0028,0,Tier 4 — Low Risk
708615183,0.0028,0,Tier 4 — Low Risk
827476983,0.9988,1,Tier 1 — Critical Risk
803335008,0.0022,0,Tier 4 — Low Risk
711658758,0.002,0,Tier 4 — Low Risk
721232058,0.0049,0,Tier 4 — Low Risk
809599158,0.9994,1,Tier 1 — Critical Risk
717127083,0.0022,0,Tier 4 — Low Risk
709243533,0.002,0,Tier 4 — Low Risk
711267633,0.9993,1,Tier 1 — Critical Risk
809849358,0.9985,1,Tier 1 — Critical Risk
720708183,0.0021,0,Tier 4 — Low Risk
805259733,0.0035,0,Tier 4 — Low Risk
712660308,0.9994,1,Tier 1 — Critical Risk
714296358,0.0095,0,Tier 4 — Low Risk
823578483,0.0024,0,Tier 4 — Low Risk
709749483,0.0021,0,Tier 4 — Low Risk
715215108,0.0024,0,Tier 4 — Low Risk
718415133,0.0032,0,Tier 4 — Low Risk
710500983,0.997,1,Tier 1 — Critical Risk
714970458,0.0024,0,Tier 4 — Low Risk
708931908,0.0022,0,Tier 4 — Low Risk
749571633,0.0023,0,Tier 4 — Low Risk
801508383,0.002,0,Tier 4 — Low Risk
717185658,0.9992,1,Tier 1 — Critical Risk
812618883,0.0032,0,Tier 4 — Low Risk
819002508,0.0028,0,Tier 4 — Low Risk
710218233,0.003,0,Tier 4 — Low Risk
719344608,0.004,0,Tier 4 — Low Risk
718464258,0.0026,0,Tier 4 — Low Risk
710512833,0.0027,0,Tier 4 — Low Risk
718032483,0.0022,0,Tier 4 — Low Risk
710159658,0.0029,0,Tier 4 — Low Risk
715765758,0.0037,0,Tier 4 — Low Risk
811700058,0.9986,1,Tier 1 — Critical Risk
806824908,0.002,0,Tier 4 — Low Risk
712428333,0.002,0,Tier 4 — Low Risk
710971908,0.0021,0,Tier 4 — Low Risk
718011783,0.0021,0,Tier 4 — Low Risk
721399833,0.0024,0,Tier 4 — Low Risk
710975883,0.0024,0,Tier 4 — Low Risk
712420833,0.0028,0,Tier 4 — Low Risk
803115258,0.9989,1,Tier 1 — Critical Risk
721005108,0.002,0,Tier 4 — Low Risk
788610258,0.0025,0,Tier 4 — Low Risk
716159958,0.0025,0,Tier 4 — Low Risk
789231858,0.0023,0,Tier 4 — Low Risk
719123958,0.9995,1,Tier 1 — Critical Risk
719337408,0.007,0,Tier 4 — Low Risk
779486433,0.0025,0,Tier 4 — Low Risk
817337958,0.0034,0,Tier 4 — Low Risk
712774908,0.003,0,Tier 4 — Low Risk
813234108,0.0025,0,Tier 4 — Low Risk
792524358,0.0026,0,Tier 4 — Low Risk
719282433,0.0028,0,Tier 4 — Low Risk
720299283,0.002,0,Tier 4 — Low Risk
709479558,0.0036,0,Tier 4 — Low Risk
716102583,0.0026,0,Tier 4 — Low Risk
713733633,0.9979,1,Tier 1 — Critical Risk
795155433,0.002,0,Tier 4 — Low Risk
711783483,0.0021,0,Tier 4 — Low Risk
721532583,0.9989,1,Tier 1 — Critical Risk
714753258,0.0031,0,Tier 4 — Low Risk
721055058,0.0029,0,Tier 4 — Low Risk
720510333,0.0021,0,Tier 4 — Low Risk
718146258,0.0024,0,Tier 4 — Low Risk
715664808,0.9993,1,Tier 1 — Critical Risk
719964933,0.0021,0,Tier 4 — Low Risk
709173108,0.9995,1,Tier 1 — Critical Risk
719722308,0.0026,0,Tier 4 — Low Risk
719666283,0.0041,0,Tier 4 — Low Risk
780006783,0.9995,1,Tier 1 — Critical Risk
715601808,0.0026,0,Tier 4 — Low Risk
769720683,0.0026,0,Tier 4 — Low Risk
765692658,0.0023,0,Tier 4 — Low Risk
717819633,0.0024,0,Tier 4 — Low Risk
718699683,0.0025,0,Tier 4 — Low Risk
797169633,0.0022,0,Tier 4 — Low Risk
710636208,0.0031,0,Tier 4 — Low Risk
709309308,0.9991,1,Tier 1 — Critical Risk
819690933,0.0027,0,Tier 4 — Low Risk
711615933,0.0032,0,Tier 4 — Low Risk
714933783,0.0023,0,Tier 4 — Low Risk
778643733,0.9993,1,Tier 1 — Critical Risk
712867983,0.0047,0,Tier 4 — Low Risk
718939083,0.9994,1,Tier 1 — Critical Risk
713512308,0.9989,1,Tier 1 — Critical Risk
790123983,0.0022,0,Tier 4 — Low Risk
711153783,0.002,0,Tier 4 — Low Risk
744483633,0.0036,0,Tier 4 — Low Risk
719971458,0.002,0,Tier 4 — Low Risk
716506083,0.9989,1,Tier 1 — Critical Risk
716329383,0.9985,1,Tier 1 — Critical Risk
719719158,0.0025,0,Tier 4 — Low Risk
716107158,0.9924,1,Tier 1 — Critical Risk
714477408,0.9994,1,Tier 1 — Critical Risk
773146383,0.0044,0,Tier 4 — Low Risk
708635058,0.002,0,Tier 4 — Low Risk
803421108,0.0035,0,Tier 4 — Low Risk
716210283,0.0022,0,Tier 4 — Low Risk
711315783,0.0047,0,Tier 4 — Low Risk
712489158,0.0028,0,Tier 4 — Low Risk
718576908,0.003,0,Tier 4 — Low Risk
753208833,0.0048,0,Tier 4 — Low Risk
798546408,0.0021,0,Tier 4 — Low Risk
827114058,0.0021,0,Tier 4 — Low Risk
771453033,0.0028,0,Tier 4 — Low Risk
718452633,0.9994,1,Tier 1 — Critical Risk
718026858,0.0023,0,Tier 4 — Low Risk
721181883,0.0023,0,Tier 4 — Low Risk
717609633,0.0025,0,Tier 4 — Low Risk
710927733,0.0023,0,Tier 4 — Low Risk
711551958,0.9995,1,Tier 1 — Critical Risk
716365233,0.0021,0,Tier 4 — Low Risk
783121008,0.002,0,Tier 4 — Low Risk
716780283,0.0021,0,Tier 4 — Low Risk
718471758,0.0021,0,Tier 4 — Low Risk
756571983,0.0046,0,Tier 4 — Low Risk
714700158,0.002,0,Tier 4 — Low Risk
794191008,0.0026,0,Tier 4 — Low Risk
711000933,0.0021,0,Tier 4 — Low Risk
789025083,0.0021,0,Tier 4 — Low Risk
717074283,0.9993,1,Tier 1 — Critical Risk
714243408,0.0028,0,Tier 4 — Low Risk
716462658,0.0033,0,Tier 4 — Low Risk
719944458,0.002,0,Tier 4 — Low Risk
718866633,0.002,0,Tier 4 — Low Risk
714247458,0.0027,0,Tier 4 — Low Risk
783910008,0.0021,0,Tier 4 — Low Risk
714294183,0.9994,1,Tier 1 — Critical Risk
789530208,0.009,0,Tier 4 — Low Risk
714389058,0.0023,0,Tier 4 — Low Risk
772661808,0.002,0,Tier 4 — Low Risk
710135058,0.0021,0,Tier 4 — Low Risk
716805408,0.002,0,Tier 4 — Low Risk
789304983,0.0058,0,Tier 4 — Low Risk
743912958,0.0021,0,Tier 4 — Low Risk
715311183,0.0021,0,Tier 4 — Low Risk
720264783,0.0022,0,Tier 4 — Low Risk
788771733,0.002,0,Tier 4 — Low Risk
711724083,0.9985,1,Tier 1 — Critical Risk
717628608,0.004,0,Tier 4 — Low Risk
712319058,0.0028,0,Tier 4 — Low Risk
772231233,0.0027,0,Tier 4 — Low Risk
715315008,0.0048,0,Tier 4 — Low Risk
778853358,0.003,0,Tier 4 — Low Risk
714581358,0.9994,1,Tier 1 — Critical Risk
710810883,0.0021,0,Tier 4 — Low Risk
709879458,0.0023,0,Tier 4 — Low Risk
811970808,0.0027,0,Tier 4 — Low Risk
720015183,0.0021,0,Tier 4 — Low Risk
708907833,0.0027,0,Tier 4 — Low Risk
826261008,0.9994,1,Tier 1 — Critical Risk
794682483,0.0026,0,Tier 4 — Low Risk
708098133,0.0038,0,Tier 4 — Low Risk
711069483,0.0035,0,Tier 4 — Low Risk
709537683,0.9994,1,Tier 1 — Critical Risk
710770383,0.0025,0,Tier 4 — Low Risk
809811858,0.9993,1,Tier 1 — Critical Risk
772216833,0.0023,0,Tier 4 — Low Risk
717830583,0.002,0,Tier 4 — Low Risk
713779908,0.0027,0,Tier 4 — Low Risk
712507758,0.0023,0,Tier 4 — Low Risk
716093133,0.0035,0,Tier 4 — Low Risk
817382958,0.002,0,Tier 4 — Low Risk
714400308,0.0024,0,Tier 4 — Low Risk
789466008,0.0023,0,Tier 4 — Low Risk
710289783,0.9977,1,Tier 1 — Critical Risk
712659408,0.002,0,Tier 4 — Low Risk
788791383,0.0029,0,Tier 4 — Low Risk
709822008,0.0021,0,Tier 4 — Low Risk
816615633,0.0087,0,Tier 4 — Low Risk
718521258,0.0041,0,Tier 4 — Low Risk
713533983,0.0022,0,Tier 4 — Low Risk
709444983,0.9993,1,Tier 1 — Critical Risk
717405408,0.0021,0,Tier 4 — Low Risk
753226158,0.0023,0,Tier 4 — Low Risk
780384483,0.9984,1,Tier 1 — Critical Risk
720096558,0.0029,0,Tier 4 — Low Risk
778567983,0.0026,0,Tier 4 — Low Risk
711649908,0.002,0,Tier 4 — Low Risk
718038483,0.002,0,Tier 4 — Low Risk
719519058,0.9993,1,Tier 1 — Critical Risk
770985633,0.0037,0,Tier 4 — Low Risk
713600958,0.003,0,Tier 4 — Low Risk
719801508,0.0022,0,Tier 4 — Low Risk
713686008,0.0027,0,Tier 4 — Low Risk
720401658,0.9993,1,Tier 1 — Critical Risk
715572783,0.0024,0,Tier 4 — Low Risk
817908783,0.0021,0,Tier 4 — Low Risk
712361583,0.004,0,Tier 4 — Low Risk
709108533,0.0021,0,Tier 4 — Low Risk
718490658,0.0022,0,Tier 4 — Low Risk
790006383,0.0041,0,Tier 4 — Low Risk
710744433,0.003,0,Tier 4 — Low Risk
780865308,0.0047,0,Tier 4 — Low Risk
716643033,0.9995,1,Tier 1 — Critical Risk
789241308,0.9994,1,Tier 1 — Critical Risk
721344858,0.0039,0,Tier 4 — Low Risk
717050883,0.0022,0,Tier 4 — Low Risk
788979258,0.0025,0,Tier 4 — Low Risk
719125158,0.0079,0,Tier 4 — Low Risk
709545333,0.0026,0,Tier 4 — Low Risk
721165608,0.0023,0,Tier 4 — Low Risk
714652383,0.002,0,Tier 4 — Low Risk
737921733,0.2148,0,Tier 4 — Low Risk
804428958,0.0021,0,Tier 4 — Low Risk
720075558,0.0031,0,Tier 4 — Low Risk
769676358,0.002,0,Tier 4 — Low Risk
716378658,0.0088,0,Tier 4 — Low Risk
714479358,0.9994,1,Tier 1 — Critical Risk
712141683,0.0044,0,Tier 4 — Low Risk
710005683,0.0022,0,Tier 4 — Low Risk
721228308,0.9995,1,Tier 1 — Critical Risk
758833758,0.224,0,Tier 4 — Low Risk
787565433,0.0029,0,Tier 4 — Low Risk
780253533,0.0055,0,Tier 4 — Low Risk
714595983,0.9995,1,Tier 1 — Critical Risk
709547658,0.9994,1,Tier 1 — Critical Risk
711801933,0.9995,1,Tier 1 — Critical Risk
715808808,0.0022,0,Tier 4 — Low Risk
711294258,0.002,0,Tier 4 — Low Risk
708542283,0.0027,0,Tier 4 — Low Risk
787514433,0.0021,0,Tier 4 — Low Risk
779773533,0.0065,0,Tier 4 — Low Risk
807964908,0.0021,0,Tier 4 — Low Risk
757753083,0.0029,0,Tier 4 — Low Risk
779331558,0.0024,0,Tier 4 — Low Risk
799026633,0.0029,0,Tier 4 — Low Risk
719898108,0.002,0,Tier 4 — Low Risk
711252258,0.0031,0,Tier 4 — Low Risk
719724933,0.0022,0,Tier 4 — Low Risk
715413483,0.002,0,Tier 4 — Low Risk
751518633,0.9984,1,Tier 1 — Critical Risk
742552683,0.0021,0,Tier 4 — Low Risk
756598833,0.0035,0,Tier 4 — Low Risk
794562783,0.0024,0,Tier 4 — Low Risk
779942808,0.002,0,Tier 4 — Low Risk
789151983,0.002,0,Tier 4 — Low Risk
779598183,0.0024,0,Tier 4 — Low Risk
720714933,0.002,0,Tier 4 — Low Risk
708536283,0.9986,1,Tier 1 — Critical Risk
714548733,0.0031,0,Tier 4 — Low Risk
713796033,0.9991,1,Tier 1 — Critical Risk
770817783,0.0027,0,Tier 4 — Low Risk
716032233,0.0021,0,Tier 4 — Low Risk
719806233,0.0025,0,Tier 4 — Low Risk
712835433,0.0022,0,Tier 4 — Low Risk
713975433,0.0025,0,Tier 4 — Low Risk
715076358,0.998,1,Tier 1 — Critical Risk
720731808,0.9916,1,Tier 1 — Critical Risk
714616308,0.002,0,Tier 4 — Low Risk
717502083,0.9987,1,Tier 1 — Critical Risk
789362058,0.0026,0,Tier 4 — Low Risk
794530608,0.0023,0,Tier 4 — Low Risk
709007883,0.0021,0,Tier 4 — Low Risk
709219533,0.0023,0,Tier 4 — Low Risk
787723758,0.0026,0,Tier 4 — Low Risk
710968008,0.002,0,Tier 4 — Low Risk
780638958,0.002,0,Tier 4 — Low Risk
716951658,0.0043,0,Tier 4 — Low Risk
715956258,0.0047,0,Tier 4 — Low Risk
785119833,0.0077,0,Tier 4 — Low Risk
710723958,0.0022,0,Tier 4 — Low Risk
714011358,0.0022,0,Tier 4 — Low Risk
717724233,0.0033,0,Tier 4 — Low Risk
754671558,0.0032,0,Tier 4 — Low Risk
794514108,0.0028,0,Tier 4 — Low Risk
719385558,0.0072,0,Tier 4 — Low Risk
712637283,0.0025,0,Tier 4 — Low Risk
714222183,0.0024,0,Tier 4 — Low Risk
709175208,0.0023,0,Tier 4 — Low Risk
717112533,0.0043,0,Tier 4 — Low Risk
714426783,0.0024,0,Tier 4 — Low Risk
721448283,0.9989,1,Tier 1 — Critical Risk
782548758,0.0021,0,Tier 4 — Low Risk
717561108,0.0023,0,Tier 4 — Low Risk
720585183,0.0023,0,Tier 4 — Low Risk
714643983,0.0021,0,Tier 4 — Low Risk
712291308,0.0021,0,Tier 4 — Low Risk
713036208,0.002,0,Tier 4 — Low Risk
709979583,0.0025,0,Tier 4 — Low Risk
717517758,0.0023,0,Tier 4 — Low Risk
717271983,0.0023,0,Tier 4 — Low Risk
718528008,0.002,0,Tier 4 — Low Risk
719118708,0.9989,1,Tier 1 — Critical Risk
708657033,0.0023,0,Tier 4 — Low Risk
717489033,0.9986,1,Tier 1 — Critical Risk
818926833,0.009,0,Tier 4 — Low Risk
708338958,0.0022,0,Tier 4 — Low Risk
827683383,0.0022,0,Tier 4 — Low Risk
717099408,0.0022,0,Tier 4 — Low Risk
716878533,0.0024,0,Tier 4 — Low Risk
797410983,0.0022,0,Tier 4 — Low Risk
789625383,0.005,0,Tier 4 — Low Risk
709701558,0.0022,0,Tier 4 — Low Risk
708334158,0.0025,0,Tier 4 — Low Risk
710638233,0.999,1,Tier 1 — Critical Risk
794496033,0.0022,0,Tier 4 — Low Risk
709738008,0.0022,0,Tier 4 — Low Risk
808756458,0.0023,0,Tier 4 — Low Risk
710982858,0.0021,0,Tier 4 — Low Risk
718451133,0.0035,0,Tier 4 — Low Risk
717991533,0.002,0,Tier 4 — Low Risk
713104458,0.9994,1,Tier 1 — Critical Risk
715783758,0.002,0,Tier 4 — Low Risk
716891583,0.0022,0,Tier 4 — Low Risk
714557583,0.0028,0,Tier 4 — Low Risk
714840858,0.0022,0,Tier 4 — Low Risk
788911458,0.002,0,Tier 4 — Low Risk
712521783,0.0026,0,Tier 4 — Low Risk
716756133,0.0021,0,Tier 4 — Low Risk
793550958,0.0023,0,Tier 4 — Low Risk
768687183,0.0028,0,Tier 4 — Low Risk
778170633,0.002,0,Tier 4 — Low Risk
789307833,0.0029,0,Tier 4 — Low Risk
718291233,0.002,0,Tier 4 — Low Risk
718984533,0.0022,0,Tier 4 — Low Risk
794293908,0.0022,0,Tier 4 — Low Risk
708829758,0.0023,0,Tier 4 — Low Risk
717016833,0.0031,0,Tier 4 — Low Risk
711339258,0.0026,0,Tier 4 — Low Risk
708754833,0.0026,0,Tier 4 — Low Risk
716773533,0.0033,0,Tier 4 — Low Risk
788896983,0.0025,0,Tier 4 — Low Risk
715694433,0.0021,0,Tier 4 — Low Risk
708403308,0.0045,0,Tier 4 — Low Risk
715511658,0.002,0,Tier 4 — Low Risk
717327783,0.0024,0,Tier 4 — Low Risk
717384183,0.0026,0,Tier 4 — Low Risk
818929158,0.0027,0,Tier 4 — Low Risk
789539058,0.0053,0,Tier 4 — Low Risk
718357458,0.0034,0,Tier 4 — Low Risk
709530408,0.0021,0,Tier 4 — Low Risk
826245858,0.9984,1,Tier 1 — Critical Risk
716800908,0.0024,0,Tier 4 — Low Risk
714425283,0.0022,0,Tier 4 — Low Risk
718345233,0.0285,0,Tier 4 — Low Risk
713128833,0.0058,0,Tier 4 — Low Risk
769577358,0.0043,0,Tier 4 — Low Risk
758824608,0.002,0,Tier 4 — Low Risk
716742483,0.0029,0,Tier 4 — Low Risk
710905908,0.0021,0,Tier 4 — Low Risk
712902483,0.0022,0,Tier 4 — Low Risk
772105608,0.0021,0,Tier 4 — Low Risk
809951133,0.9848,1,Tier 1 — Critical Risk
710015733,0.9993,1,Tier 1 — Critical Risk
716893683,0.9994,1,Tier 1 — Critical Risk
788808633,0.0021,0,Tier 4 — Low Risk
714100008,0.9987,1,Tier 1 — Critical Risk
717211608,0.0029,0,Tier 4 — Low Risk
711008508,0.0022,0,Tier 4 — Low Risk
712899333,0.0026,0,Tier 4 — Low Risk
714091983,0.0021,0,Tier 4 — Low Risk
802878408,0.0029,0,Tier 4 — Low Risk
715958583,0.0025,0,Tier 4 — Low Risk
716142858,0.0023,0,Tier 4 — Low Risk
720449208,0.0033,0,Tier 4 — Low Risk
739021908,0.0026,0,Tier 4 — Low Risk
817035108,0.0025,0,Tier 4 — Low Risk
718957083,0.0022,0,Tier 4 — Low Risk
712084383,0.0021,0,Tier 4 — Low Risk
771952683,0.0021,0,Tier 4 — Low Risk
719782458,0.002,0,Tier 4 — Low Risk
721164483,0.0023,0,Tier 4 — Low Risk
806989008,0.0021,0,Tier 4 — Low Risk
709624533,0.0046,0,Tier 4 — Low Risk
710570058,0.999,1,Tier 1 — Critical Risk
713114133,0.9991,1,Tier 1 — Critical Risk
771224358,0.0022,0,Tier 4 — Low Risk
809440008,0.9995,1,Tier 1 — Critical Risk
785515533,0.0029,0,Tier 4 — Low Risk
713709258,0.0028,0,Tier 4 — Low Risk
708104658,0.0064,0,Tier 4 — Low Risk
817958733,0.0022,0,Tier 4 — Low Risk
721183983,0.0023,0,Tier 4 — Low Risk
810220833,0.0021,0,Tier 4 — Low Risk
713373708,0.9993,1,Tier 1 — Critical Risk
715710708,0.002,0,Tier 4 — Low Risk
717443658,0.0021,0,Tier 4 — Low Risk
717915783,0.9994,1,Tier 1 — Critical Risk
779217333,0.002,0,Tier 4 — Low Risk
710794983,0.002,0,Tier 4 — Low Risk
795855258,0.0031,0,Tier 4 — Low Risk
788719533,0.1161,0,Tier 4 — Low Risk
720782658,0.0021,0,Tier 4 — Low Risk
720034983,0.0033,0,Tier 4 — Low Risk
713536158,0.0021,0,Tier 4 — Low Risk
755262933,0.0027,0,Tier 4 — Low Risk
719136183,0.002,0,Tier 4 — Low Risk
715898058,0.0024,0,Tier 4 — Low Risk
716315508,0.9994,1,Tier 1 — Critical Risk
788667408,0.0029,0,Tier 4 — Low Risk
768949983,0.0044,0,Tier 4 — Low Risk
778882758,0.0038,0,Tier 4 — Low Risk
709465758,0.0028,0,Tier 4 — Low Risk
719781183,0.0024,0,Tier 4 — Low Risk
720101658,0.0061,0,Tier 4 — Low Risk
713782608,0.0021,0,Tier 4 — Low Risk
802101858,0.0058,0,Tier 4 — Low Risk
708757233,0.0025,0,Tier 4 — Low Risk
709711758,0.9993,1,Tier 1 — Critical Risk
772000533,0.0054,0,Tier 4 — Low Risk
720827133,0.9994,1,Tier 1 — Critical Risk
789903708,0.0022,0,Tier 4 — Low Risk
719855958,0.0021,0,Tier 4 — Low Risk
713254983,0.0029,0,Tier 4 — Low Risk
709120008,0.0494,0,Tier 4 — Low Risk
720927183,0.0024,0,Tier 4 — Low Risk
716875083,0.004,0,Tier 4 — Low Risk
716988633,0.0035,0,Tier 4 — Low Risk
711553308,0.0022,0,Tier 4 — Low Risk
788802483,0.002,0,Tier 4 — Low Risk
708908883,0.0021,0,Tier 4 — Low Risk
712644483,0.0023,0,Tier 4 — Low Risk
716311683,0.0033,0,Tier 4 — Low Risk
779707308,0.0066,0,Tier 4 — Low Risk
720595083,0.0026,0,Tier 4 — Low Risk
715034358,0.0035,0,Tier 4 — Low Risk
720897783,0.0021,0,Tier 4 — Low Risk
826513233,0.0059,0,Tier 4 — Low Risk
826065258,0.0033,0,Tier 4 — Low Risk
772426383,0.0025,0,Tier 4 — Low Risk
717972408,0.0025,0,Tier 4 — Low Risk
708888633,0.9994,1,Tier 1 — Critical Risk
714916758,0.0027,0,Tier 4 — Low Risk
710888883,0.0021,0,Tier 4 — Low Risk
717296808,0.0036,0,Tier 4 — Low Risk
713847858,0.9993,1,Tier 1 — Critical Risk
768728508,0.002,0,Tier 4 — Low Risk
762020133,0.9994,1,Tier 1 — Critical Risk
710706558,0.1814,0,Tier 4 — Low Risk
709278258,0.9984,1,Tier 1 — Critical Risk
710679933,0.9981,1,Tier 1 — Critical Risk
713152383,0.0022,0,Tier 4 — Low Risk
771429408,0.0033,0,Tier 4 — Low Risk
770721858,0.0028,0,Tier 4 — Low Risk
778686408,0.0024,0,Tier 4 — Low Risk
771682533,0.003,0,Tier 4 — Low Risk
712378983,0.9974,1,Tier 1 — Critical Risk
714615258,0.999,1,Tier 1 — Critical Risk
713027058,0.9994,1,Tier 1 — Critical Risk
789485433,0.0022,0,Tier 4 — Low Risk
716368008,0.9989,1,Tier 1 — Critical Risk
771935283,0.0026,0,Tier 4 — Low Risk
779315508,0.9971,1,Tier 1 — Critical Risk
794843883,0.0022,0,Tier 4 — Low Risk
822084333,0.999,1,Tier 1 — Critical Risk
714893733,0.0055,0,Tier 4 — Low Risk
719474583,0.0034,0,Tier 4 — Low Risk
717141858,0.0027,0,Tier 4 — Low Risk
712714008,0.0021,0,Tier 4 — Low Risk
719570733,0.0022,0,Tier 4 — Low Risk
720980958,0.0021,0,Tier 4 — Low Risk
720964683,0.0024,0,Tier 4 — Low Risk
718263108,0.9987,1,Tier 1 — Critical Risk
789101883,0.0031,0,Tier 4 — Low Risk
809292483,0.0042,0,Tier 4 — Low Risk
778973658,0.0031,0,Tier 4 — Low Risk
708560733,0.0036,0,Tier 4 — Low Risk
721171008,0.0026,0,Tier 4 — Low Risk
781297983,0.0024,0,Tier 4 — Low Risk
778228458,0.0026,0,Tier 4 — Low Risk
797668983,0.0022,0,Tier 4 — Low Risk
713492583,0.9994,1,Tier 1 — Critical Risk
715799808,0.9992,1,Tier 1 — Critical Risk
711647808,0.0028,0,Tier 4 — Low Risk
720840108,0.0022,0,Tier 4 — Low Risk
711349083,0.02,0,Tier 4 — Low Risk
721247883,0.002,0,Tier 4 — Low Risk
720497958,0.004,0,Tier 4 — Low Risk
719466558,0.0047,0,Tier 4 — Low Risk
753220383,0.9993,1,Tier 1 — Critical Risk
757481283,0.0045,0,Tier 4 — Low Risk
778506633,0.9995,1,Tier 1 — Critical Risk
819634233,0.9994,1,Tier 1 — Critical Risk
753795633,0.9992,1,Tier 1 — Critical Risk
715435758,0.002,0,Tier 4 — Low Risk
772063308,0.0024,0,Tier 4 — Low Risk
718205283,0.0021,0,Tier 4 — Low Risk
720863133,0.003,0,Tier 4 — Low Risk
709288383,0.002,0,Tier 4 — Low Risk
709213458,0.9992,1,Tier 1 — Critical Risk
708670608,0.0029,0,Tier 4 — Low Risk
709150608,0.0024,0,Tier 4 — Low Risk
713105508,0.0025,0,Tier 4 — Low Risk
716303583,0.0021,0,Tier 4 — Low Risk
787669233,0.0031,0,Tier 4 — Low Risk
771488583,0.0024,0,Tier 4 — Low Risk
708269583,0.0024,0,Tier 4 — Low Risk
779809908,0.002,0,Tier 4 — Low Risk
720973833,0.0042,0,Tier 4 — Low Risk
720236433,0.0022,0,Tier 4 — Low Risk
717895833,0.0021,0,Tier 4 — Low Risk
718921683,0.0029,0,Tier 4 — Low Risk
713828208,0.0027,0,Tier 4 — Low Risk
779241783,0.0038,0,Tier 4 — Low Risk
797241108,0.0023,0,Tier 4 — Low Risk
716635758,0.0023,0,Tier 4 — Low Risk
714536208,0.0037,0,Tier 4 — Low Risk
709372608,0.0021,0,Tier 4 — Low Risk
769574883,0.0083,0,Tier 4 — Low Risk
718286658,0.0021,0,Tier 4 — Low Risk
714839808,0.0021,0,Tier 4 — Low Risk
718342158,0.9991,1,Tier 1 — Critical Risk
778573233,0.002,0,Tier 4 — Low Risk
715680933,0.0025,0,Tier 4 — Low Risk
708396033,0.002,0,Tier 4 — Low Risk
713356833,0.0028,0,Tier 4 — Low Risk
814593858,0.0022,0,Tier 4 — Low Risk
771592458,0.002,0,Tier 4 — Low Risk
827631483,0.0023,0,Tier 4 — Low Risk
811721133,0.0053,0,Tier 4 — Low Risk
720443358,0.002,0,Tier 4 — Low Risk
709477233,0.0022,0,Tier 4 — Low Risk
711942783,0.0027,0,Tier 4 — Low Risk
768848658,0.0024,0,Tier 4 — Low Risk
788772708,0.0023,0,Tier 4 — Low Risk
717109983,0.0023,0,Tier 4 — Low Risk
712128258,0.0038,0,Tier 4 — Low Risk
720621408,0.004,0,Tier 4 — Low Risk
710295858,0.0022,0,Tier 4 — Low Risk
714647808,0.0022,0,Tier 4 — Low Risk
712374708,0.0023,0,Tier 4 — Low Risk
715547058,0.9995,1,Tier 1 — Critical Risk
720539583,0.0022,0,Tier 4 — Low Risk
712952283,0.0021,0,Tier 4 — Low Risk
710475408,0.0021,0,Tier 4 — Low Risk
715007583,0.0021,0,Tier 4 — Low Risk
713061558,0.0164,0,Tier 4 — Low Risk
772288758,0.0026,0,Tier 4 — Low Risk
713977308,0.002,0,Tier 4 — Low Risk
801064833,0.0021,0,Tier 4 — Low Risk
708129933,0.0025,0,Tier 4 — Low Risk
789167658,0.0036,0,Tier 4 — Low Risk
720286908,0.002,0,Tier 4 — Low Risk
716565258,0.0072,0,Tier 4 — Low Risk
708564858,0.9988,1,Tier 1 — Critical Risk
778895883,0.0025,0,Tier 4 — Low Risk
709410033,0.003,0,Tier 4 — Low Risk
710745633,0.002,0,Tier 4 — Low Risk
709008708,0.0022,0,Tier 4 — Low Risk
714738858,0.002,0,Tier 4 — Low Risk
713639058,0.9993,1,Tier 1 — Critical Risk
719739108,0.0031,0,Tier 4 — Low Risk
826079508,0.002,0,Tier 4 — Low Risk
710795883,0.0022,0,Tier 4 — Low Risk
710404533,0.0026,0,Tier 4 — Low Risk
719359458,0.0044,0,Tier 4 — Low Risk
821837958,0.0035,0,Tier 4 — Low Risk
710691633,0.0021,0,Tier 4 — Low Risk
779296908,0.0041,0,Tier 4 — Low Risk
710797833,0.0026,0,Tier 4 — Low Risk
804337233,0.0021,0,Tier 4 — Low Risk
713823033,0.9994,1,Tier 1 — Critical Risk
720076458,0.002,0,Tier 4 — Low Risk
809818008,0.0033,0,Tier 4 — Low Risk
717376758,0.0021,0,Tier 4 — Low Risk
795844983,0.0024,0,Tier 4 — Low Risk
789368658,0.0032,0,Tier 4 — Low Risk
720462633,0.0022,0,Tier 4 — Low Risk
708938508,0.0024,0,Tier 4 — Low Risk
709560258,0.9966,1,Tier 1 — Critical Risk
717513933,0.0036,0,Tier 4 — Low Risk
711113958,0.0041,0,Tier 4 — Low Risk
713995233,0.0022,0,Tier 4 — Low Risk
717906783,0.004,0,Tier 4 — Low Risk
716516208,0.0025,0,Tier 4 — Low Risk
756658083,0.0022,0,Tier 4 — Low Risk
718692258,0.0023,0,Tier 4 — Low Risk
719816583,0.9982,1,Tier 1 — Critical Risk
787578183,0.0021,0,Tier 4 — Low Risk
788699808,0.0051,0,Tier 4 — Low Risk
809320908,0.0021,0,Tier 4 — Low Risk
789942033,0.9972,1,Tier 1 — Critical Risk
714006333,0.9989,1,Tier 1 — Critical Risk
710813733,0.0034,0,Tier 4 — Low Risk
711679533,0.004,0,Tier 4 — Low Risk
709212183,0.0026,0,Tier 4 — Low Risk
807523008,0.0024,0,Tier 4 — Low Risk
787480158,0.0022,0,Tier 4 — Low Risk
711272058,0.0021,0,Tier 4 — Low Risk
720033033,0.002,0,Tier 4 — Low Risk
794124708,0.0045,0,Tier 4 — Low Risk
790164408,0.0026,0,Tier 4 — Low Risk
714831033,0.004,0,Tier 4 — Low Risk
718731183,0.9991,1,Tier 1 — Critical Risk
827888433,0.0037,0,Tier 4 — Low Risk
711992133,0.002,0,Tier 4 — Low Risk
711809283,0.0028,0,Tier 4 — Low Risk
714574083,0.0045,0,Tier 4 — Low Risk
769189083,0.0025,0,Tier 4 — Low Risk
711968358,0.002,0,Tier 4 — Low Risk
711750183,0.002,0,Tier 4 — Low Risk
716511483,0.0036,0,Tier 4 — Low Risk
800869758,0.0021,0,Tier 4 — Low Risk
715235808,0.0021,0,Tier 4 — Low Risk
714199983,0.0021,0,Tier 4 — Low Risk
718540308,0.002,0,Tier 4 — Low Risk
716460933,0.003,0,Tier 4 — Low Risk
780277458,0.0021,0,Tier 4 — Low Risk
798011733,0.002,0,Tier 4 — Low Risk
714046608,0.0025,0,Tier 4 — Low Risk
713396358,0.0023,0,Tier 4 — Low Risk
714005508,0.0024,0,Tier 4 — Low Risk
717444558,0.0022,0,Tier 4 — Low Risk
713905608,0.0026,0,Tier 4 — Low Risk
711126483,0.003,0,Tier 4 — Low Risk
714602658,0.9995,1,Tier 1 — Critical Risk
716019333,0.0021,0,Tier 4 — Low Risk
714869958,0.002,0,Tier 4 — Low Risk
778459833,0.0034,0,Tier 4 — Low Risk
789309558,0.0036,0,Tier 4 — Low Risk
756736008,0.003,0,Tier 4 — Low Risk
779883933,0.0036,0,Tier 4 — Low Risk
709343433,0.0024,0,Tier 4 — Low Risk
806908608,0.002,0,Tier 4 — Low Risk
720521808,0.0045,0,Tier 4 — Low Risk
709523508,0.0028,0,Tier 4 — Low Risk
708373083,0.9983,1,Tier 1 — Critical Risk
713325108,0.0045,0,Tier 4 — Low Risk
819214233,0.0024,0,Tier 4 — Low Risk
713188383,0.0028,0,Tier 4 — Low Risk
770778108,0.0021,0,Tier 4 — Low Risk
716610558,0.0057,0,Tier 4 — Low Risk
715174158,0.0046,0,Tier 4 — Low Risk
779608083,0.0023,0,Tier 4 — Low Risk
780200208,0.002,0,Tier 4 — Low Risk
718675158,0.9994,1,Tier 1 — Critical Risk
817977933,0.9993,1,Tier 1 — Critical Risk
755273658,0.002,0,Tier 4 — Low Risk
715022133,0.0047,0,Tier 4 — Low Risk
719804208,0.002,0,Tier 4 — Low Risk
780056733,0.0023,0,Tier 4 — Low Risk
780373233,0.0026,0,Tier 4 — Low Risk
817188408,0.0021,0,Tier 4 — Low Risk
772073508,0.9994,1,Tier 1 — Critical Risk
803805483,0.0021,0,Tier 4 — Low Risk
717823383,0.0021,0,Tier 4 — Low Risk
789907533,0.9988,1,Tier 1 — Critical Risk
788259558,0.0022,0,Tier 4 — Low Risk
815515158,0.0023,0,Tier 4 — Low Risk
713884458,0.0031,0,Tier 4 — Low Risk
789717708,0.0024,0,Tier 4 — Low Risk
708160008,0.0021,0,Tier 4 — Low Risk
708702258,0.9988,1,Tier 1 — Critical Risk
789023508,0.0021,0,Tier 4 — Low Risk
719265108,0.0035,0,Tier 4 — Low Risk
813213558,0.0027,0,Tier 4 — Low Risk
802460433,0.9994,1,Tier 1 — Critical Risk
717995958,0.0021,0,Tier 4 — Low Risk
710697408,0.0021,0,Tier 4 — Low Risk
805458933,0.0025,0,Tier 4 — Low Risk
713850783,0.0024,0,Tier 4 — Low Risk
713876958,0.0023,0,Tier 4 — Low Risk
718926258,0.003,0,Tier 4 — Low Risk
717585858,0.0023,0,Tier 4 — Low Risk
710303208,0.0027,0,Tier 4 — Low Risk
770647233,0.0046,0,Tier 4 — Low Risk
715459158,0.002,0,Tier 4 — Low Risk
789185508,0.0028,0,Tier 4 — Low Risk
779305008,0.0028,0,Tier 4 — Low Risk
713343333,0.002,0,Tier 4 — Low Risk
749067633,0.0033,0,Tier 4 — Low Risk
811713408,0.002,0,Tier 4 — Low Risk
789990333,0.0033,0,Tier 4 — Low Risk
788770908,0.0032,0,Tier 4 — Low Risk
709411383,0.0022,0,Tier 4 — Low Risk
708361833,0.0021,0,Tier 4 — Low Risk
712801758,0.0023,0,Tier 4 — Low Risk
721179708,0.0023,0,Tier 4 — Low Risk
708511983,0.0025,0,Tier 4 — Low Risk
711388458,0.0028,0,Tier 4 — Low Risk
720486408,0.0022,0,Tier 4 — Low Risk
709157133,0.0022,0,Tier 4 — Low Risk
712240083,0.9995,1,Tier 1 — Critical Risk
782802033,0.9992,1,Tier 1 — Critical Risk
712091433,0.0021,0,Tier 4 — Low Risk
720494058,0.0029,0,Tier 4 — Low Risk
710277183,0.0021,0,Tier 4 — Low Risk
789804933,0.0027,0,Tier 4 — Low Risk
719022558,0.002,0,Tier 4 — Low Risk
714573258,0.0133,0,Tier 4 — Low Risk
709919283,0.0026,0,Tier 4 — Low Risk
716481408,0.0028,0,Tier 4 — Low Risk
719038008,0.0041,0,Tier 4 — Low Risk
793456983,0.0021,0,Tier 4 — Low Risk
720597108,0.9992,1,Tier 1 — Critical Risk
715233108,0.0022,0,Tier 4 — Low Risk
709220583,0.0033,0,Tier 4 — Low Risk
779324358,0.0148,0,Tier 4 — Low Risk
712112733,0.0028,0,Tier 4 — Low Risk
714443058,0.9992,1,Tier 1 — Critical Risk
711109908,0.0029,0,Tier 4 — Low Risk
717464958,0.0031,0,Tier 4 — Low Risk
713701533,0.002,0,Tier 4 — Low Risk
772565883,0.0021,0,Tier 4 — Low Risk
758765808,0.9951,1,Tier 1 — Critical Risk
716851908,0.0029,0,Tier 4 — Low Risk
721500108,0.0024,0,Tier 4 — Low Risk
820268358,0.002,0,Tier 4 — Low Risk
717171408,0.0045,0,Tier 4 — Low Risk
713567958,0.0029,0,Tier 4 — Low Risk
716512383,0.0064,0,Tier 4 — Low Risk
713008308,0.0032,0,Tier 4 — Low Risk
780942633,0.0036,0,Tier 4 — Low Risk
716249508,0.002,0,Tier 4 — Low Risk
714909108,0.0044,0,Tier 4 — Low Risk
778708533,0.9992,1,Tier 1 — Critical Risk
772725408,0.0022,0,Tier 4 — Low Risk
709534083,0.9995,1,Tier 1 — Critical Risk
817144458,0.0025,0,Tier 4 — Low Risk
807157833,0.002,0,Tier 4 — Low Risk
716371308,0.0031,0,Tier 4 — Low Risk
716332533,0.0022,0,Tier 4 — Low Risk
716924958,0.9993,1,Tier 1 — Critical Risk
720904233,0.0026,0,Tier 4 — Low Risk
711964533,0.0024,0,Tier 4 — Low Risk
788715483,0.002,0,Tier 4 — Low Risk
788832033,0.0025,0,Tier 4 — Low Risk
716022258,0.9994,1,Tier 1 — Critical Risk
712208658,0.0023,0,Tier 4 — Low Risk
710482533,0.0021,0,Tier 4 — Low Risk
717661908,0.0028,0,Tier 4 — Low Risk
720254883,0.0024,0,Tier 4 — Low Risk
719532108,0.005,0,Tier 4 — Low Risk
779610033,0.9992,1,Tier 1 — Critical Risk
819977058,0.0021,0,Tier 4 — Low Risk
772202058,0.0048,0,Tier 4 — Low Risk
717658758,0.0021,0,Tier 4 — Low Risk
720467583,0.0021,0,Tier 4 — Low Risk
713314533,0.9988,1,Tier 1 — Critical Risk
719318583,0.9994,1,Tier 1 — Critical Risk
789122808,0.9986,1,Tier 1 — Critical Risk
708525108,0.002,0,Tier 4 — Low Risk
779662308,0.0023,0,Tier 4 — Low Risk
717180633,0.0033,0,Tier 4 — Low Risk
713000058,0.0027,0,Tier 4 — Low Risk
709747308,0.0021,0,Tier 4 — Low Risk
712235433,0.9994,1,Tier 1 — Critical Risk
712405908,0.0022,0,Tier 4 — Low Risk
778885158,0.0022,0,Tier 4 — Low Risk
789143283,0.002,0,Tier 4 — Low Risk
721233033,0.9991,1,Tier 1 — Critical Risk
718486608,0.002,0,Tier 4 — Low Risk
713249883,0.002,0,Tier 4 — Low Risk
797743233,0.0021,0,Tier 4 — Low Risk
778346283,0.0035,0,Tier 4 — Low Risk
721113333,0.0031,0,Tier 4 — Low Risk
720707283,0.0065,0,Tier 4 — Low Risk
788997408,0.0046,0,Tier 4 — Low Risk
710456658,0.0021,0,Tier 4 — Low Risk
808796208,0.0029,0,Tier 4 — Low Risk
713685033,0.9993,1,Tier 1 — Critical Risk
788912658,0.0022,0,Tier 4 — Low Risk
712157958,0.9975,1,Tier 1 — Critical Risk
711148308,0.0023,0,Tier 4 — Low Risk
719117433,0.0074,0,Tier 4 — Low Risk
